chr1	10000	177417	47.5	1.02	0.997	NA	380	NA
chr1	227417	267719	47.5	1.02	0.997	NA	380	NA
chr1	317719	471368	47.5	1.02	0.997	NA	380	NA
chr1	521368	2634220	47.5	1.02	0.997	NA	380	NA
chr1	2684220	3845268	47.5	1.02	0.997	NA	380	NA
chr1	3995268	13052998	47.5	1.02	0.997	NA	380	NA
chr1	13102998	13219912	47.5	1.02	0.997	NA	380	NA
chr1	13319912	13557162	47.5	1.02	0.997	NA	380	NA
chr1	13607162	16800000	47.5	1.02	0.997	NA	380	NA
chr1	16800000	17125658	114.2	2.46	3.438	NA	324	NA
chr1	17175658	17300000	87.7	1.89	1.508	NA	236	NA
chr1	17300000	29878082	47.2	1.01	0.997	NA	388	NA
chr1	30028082	103863906	47.2	1.01	0.997	NA	388	NA
chr1	103913906	104100000	47.2	1.01	0.997	NA	388	NA
chr1	104100000	104300000	65.5	1.41	1.508	NA	119	NA
chr1	104300000	120500000	46.6	1.00	0.997	NA	397	NA
chr1	120500000	120697156	81.5	1.75	1.508	NA	501	NA
chr1	120747156	120936695	81.5	1.75	1.508	NA	501	NA
chr1	121086695	121300000	81.5	1.75	1.508	NA	501	NA
chr1	121300000	121485434	184.3	3.96	3.438	NA	1000	NA
chr1	142535434	142731022	184.3	3.96	3.438	NA	1000	NA
chr1	142781022	142967761	184.3	3.96	3.438	NA	1000	NA
chr1	143117761	143292816	184.3	3.96	3.438	NA	1000	NA
chr1	143342816	143544525	184.3	3.96	3.438	NA	1000	NA
chr1	143644525	143771002	69.4	1.49	1.508	NA	375	NA
chr1	143871002	144095783	69.4	1.49	1.508	NA	375	NA
chr1	144145783	144224481	69.4	1.49	1.508	NA	375	NA
chr1	144274481	144401744	69.4	1.49	1.508	NA	375	NA
chr1	144451744	144622413	69.4	1.49	1.508	NA	375	NA
chr1	144672413	144710724	134.0	2.88	3.438	NA	839	NA
chr1	144810724	145300000	134.0	2.88	3.438	NA	839	NA
chr1	145300000	145833118	67.7	1.46	1.508	NA	399	NA
chr1	145883118	146164650	67.7	1.46	1.508	NA	399	NA
chr1	146214650	146253299	67.7	1.46	1.508	NA	399	NA
chr1	146303299	148026038	67.7	1.46	1.508	NA	399	NA
chr1	148176038	148361358	67.7	1.46	1.508	NA	399	NA
chr1	148511358	148684147	67.7	1.46	1.508	NA	399	NA
chr1	148734147	148800000	67.7	1.46	1.508	NA	399	NA
chr1	148800000	148954460	156.4	3.36	3.438	NA	1000	NA
chr1	149004460	149100000	156.4	3.36	3.438	NA	1000	NA
chr1	149100000	149459645	69.7	1.50	1.508	NA	471	NA
chr1	149509645	205922707	69.7	1.50	1.508	NA	471	NA
chr1	206072707	206332221	69.7	1.50	1.508	NA	471	NA
chr1	206482221	223747846	69.7	1.50	1.508	NA	471	NA
chr1	223797846	235192211	69.7	1.50	1.508	NA	471	NA
chr1	235242211	248000000	69.7	1.50	1.508	NA	471	NA
chr1	248000000	248908210	46.8	1.01	0.997	NA	365	NA
chr1	249058210	249240621	46.8	1.01	0.997	NA	365	NA
chr2	10000	3529312	70.3	1.51	1.508	NA	482	NA
chr2	3579312	5018788	70.3	1.51	1.508	NA	482	NA
chr2	5118788	16279724	70.3	1.51	1.508	NA	482	NA
chr2	16329724	21153113	70.3	1.51	1.508	NA	482	NA
chr2	21178113	31725939	70.3	1.51	1.508	NA	482	NA
chr2	31726790	33092197	70.3	1.51	1.508	NA	482	NA
chr2	33093197	33141692	70.3	1.51	1.508	NA	482	NA
chr2	33142692	48700000	70.3	1.51	1.508	NA	482	NA
chr2	48700000	87668206	46.4	1.00	0.997	NA	403	NA
chr2	87718206	89200000	46.4	1.00	0.997	NA	403	NA
chr2	89200000	89300000	77.4	1.67	1.508	NA	233	NA
chr2	89300000	89630436	48.8	1.05	0.997	NA	305	NA
chr2	89830436	90321525	48.8	1.05	0.997	NA	305	NA
chr2	90371525	90545103	210.6	4.53	3.438	NA	1000	NA
chr2	91595103	91900000	210.6	4.53	3.438	NA	1000	NA
chr2	91900000	92200000	79.9	1.72	1.508	NA	365	NA
chr2	92200000	92326171	46.3	1.00	0.997	NA	406	NA
chr2	95326171	110109337	46.3	1.00	0.997	NA	406	NA
chr2	110251337	149690582	46.3	1.00	0.997	NA	406	NA
chr2	149790582	234003741	46.3	1.00	0.997	NA	406	NA
chr2	234053741	239801978	46.3	1.00	0.997	NA	406	NA
chr2	239831978	240784132	46.3	1.00	0.997	NA	406	NA
chr2	240809132	243102476	46.3	1.00	0.997	NA	406	NA
chr2	243152476	243189373	46.3	1.00	0.997	NA	406	NA
chr3	60000	66170270	46.3	1.00	0.997	NA	406	NA
chr3	66270270	90504854	46.3	1.00	0.997	NA	406	NA
chr3	93504854	194041961	46.3	1.00	0.997	NA	406	NA
chr3	194047251	197962430	46.3	1.00	0.997	NA	406	NA
chr4	10000	100000	136.8	2.94	3.438	NA	769	NA
chr4	100000	1423146	47.8	1.03	0.997	NA	374	NA
chr4	1478646	8799203	47.8	1.03	0.997	NA	374	NA
chr4	8818203	9200000	47.8	1.03	0.997	NA	374	NA
chr4	9200000	9274642	78.9	1.70	1.508	NA	463	NA
chr4	9324642	9400000	78.9	1.70	1.508	NA	463	NA
chr4	9400000	31820917	45.3	0.98	0.997	NA	425	NA
chr4	31837417	32834638	45.3	0.98	0.997	NA	425	NA
chr4	32840638	40296396	45.3	0.98	0.997	NA	425	NA
chr4	40297096	49000000	45.3	0.98	0.997	NA	425	NA
chr4	49000000	49338941	184.6	3.97	3.438	NA	1000	NA
chr4	49488941	49600000	184.6	3.97	3.438	NA	1000	NA
chr4	49600000	49660117	46.0	0.99	0.997	NA	412	NA
chr4	52660117	59739333	46.0	0.99	0.997	NA	412	NA
chr4	59789333	75427379	46.0	0.99	0.997	NA	412	NA
chr4	75452279	134900000	46.0	0.99	0.997	NA	412	NA
chr4	134900000	135200000	24.9	0.54	0.494	NA	481	NA
chr4	135200000	190500000	46.3	1.00	0.997	NA	405	NA
chr4	190500000	191044276	152.3	3.28	3.438	NA	1000	NA
chr5	10000	17530657	46.7	1.00	0.997	NA	399	NA
chr5	17580657	46405641	46.7	1.00	0.997	NA	399	NA
chr5	49405641	83800000	46.7	1.00	0.997	NA	399	NA
chr5	83800000	83900000	23.1	0.50	0.494	NA	323	NA
chr5	83900000	91636128	46.4	1.00	0.997	NA	404	NA
chr5	91686128	138787073	46.4	1.00	0.997	NA	404	NA
chr5	138837073	155138727	46.4	1.00	0.997	NA	404	NA
chr5	155188727	180905260	46.4	1.00	0.997	NA	404	NA
chr6	60000	57200000	46.0	0.99	0.997	NA	412	NA
chr6	57200000	57600000	92.8	2.00	1.508	NA	373	NA
chr6	57600000	58087659	45.8	0.99	0.997	NA	415	NA
chr6	58137659	58780166	45.8	0.99	0.997	NA	415	NA
chr6	61880166	62128589	45.8	0.99	0.997	NA	415	NA
chr6	62178589	95680543	45.8	0.99	0.997	NA	415	NA
chr6	95830543	157559467	45.8	0.99	0.997	NA	415	NA
chr6	157609467	157641300	45.8	0.99	0.997	NA	415	NA
chr6	157691300	167942073	45.8	0.99	0.997	NA	415	NA
chr6	168042073	170279972	45.8	0.99	0.997	NA	415	NA
chr6	170329972	171055067	45.8	0.99	0.997	NA	415	NA
chr7	10000	232484	69.7	1.50	1.508	NA	464	NA
chr7	282484	50370631	69.7	1.50	1.508	NA	464	NA
chr7	50410631	57900000	69.7	1.50	1.508	NA	464	NA
chr7	57900000	58054331	145.8	3.14	3.438	NA	1000	NA
chr7	61054331	61310513	145.8	3.14	3.438	NA	1000	NA
chr7	61360513	61460465	145.8	3.14	3.438	NA	1000	NA
chr7	61510465	61677020	145.8	3.14	3.438	NA	1000	NA
chr7	61727020	61917157	145.8	3.14	3.438	NA	1000	NA
chr7	61967157	74715724	70.0	1.51	1.508	NA	475	NA
chr7	74765724	100556043	70.0	1.51	1.508	NA	475	NA
chr7	100606043	130154523	70.0	1.51	1.508	NA	475	NA
chr7	130254523	139379377	70.0	1.51	1.508	NA	475	NA
chr7	139404377	142048195	70.0	1.51	1.508	NA	475	NA
chr7	142098195	142276197	70.0	1.51	1.508	NA	475	NA
chr7	142326197	143347897	70.0	1.51	1.508	NA	475	NA
chr7	143397897	154270634	70.0	1.51	1.508	NA	475	NA
chr7	154370634	159128663	70.0	1.51	1.508	NA	475	NA
chr8	10000	7474649	47.1	1.01	0.997	NA	390	NA
chr8	7524649	12091854	47.1	1.01	0.997	NA	390	NA
chr8	12141854	39200000	47.1	1.01	0.997	NA	390	NA
chr8	39200000	39300000	16.5	0.35	0.494	NA	786	NA
chr8	39300000	39400000	7.6	0.16	0.043	NA	496	NA
chr8	39400000	43838887	45.7	0.98	0.997	NA	417	NA
chr8	46838887	48130499	45.7	0.98	0.997	NA	417	NA
chr8	48135599	86500000	45.7	0.98	0.997	NA	417	NA
chr8	86500000	86576451	130.9	2.81	3.438	NA	768	NA
chr8	86726451	86900000	130.9	2.81	3.438	NA	768	NA
chr8	86900000	142766515	46.2	0.99	0.997	NA	408	NA
chr8	142816515	145332588	46.2	0.99	0.997	NA	408	NA
chr8	145432588	146304022	46.2	0.99	0.997	NA	408	NA
chr9	10000	39200000	46.3	1.00	0.997	NA	406	NA
chr9	39200000	39663686	22.7	0.49	0.494	NA	729	NA
chr9	39713686	39974796	22.7	0.49	0.494	NA	729	NA
chr9	40024796	40233029	22.7	0.49	0.494	NA	729	NA
chr9	40283029	40425834	22.7	0.49	0.494	NA	729	NA
chr9	40475834	40940341	22.7	0.49	0.494	NA	729	NA
chr9	40990341	41143214	22.7	0.49	0.494	NA	729	NA
chr9	41193214	41365793	22.7	0.49	0.494	NA	729	NA
chr9	41415793	41800000	22.7	0.49	0.494	NA	729	NA
chr9	41800000	42613955	45.7	0.98	0.997	NA	410	NA
chr9	42663955	43213698	45.7	0.98	0.997	NA	410	NA
chr9	43313698	43946569	45.7	0.98	0.997	NA	410	NA
chr9	43996569	44676646	45.7	0.98	0.997	NA	410	NA
chr9	44726646	44800000	24.6	0.53	0.494	NA	235	NA
chr9	44800000	44908293	41.3	0.89	0.997	NA	441	NA
chr9	44958293	45250203	41.3	0.89	0.997	NA	441	NA
chr9	45350203	45815521	41.3	0.89	0.997	NA	441	NA
chr9	45865521	46216430	41.3	0.89	0.997	NA	441	NA
chr9	46266430	46461039	41.3	0.89	0.997	NA	441	NA
chr9	46561039	47060133	41.3	0.89	0.997	NA	441	NA
chr9	47160133	47317679	41.3	0.89	0.997	NA	441	NA
chr9	65467679	65918360	41.3	0.89	0.997	NA	441	NA
chr9	65968360	66192215	41.3	0.89	0.997	NA	441	NA
chr9	66242215	66404656	41.3	0.89	0.997	NA	441	NA
chr9	66454656	66614195	63.6	1.37	1.508	NA	90	NA
chr9	66664195	66800000	63.6	1.37	1.508	NA	90	NA
chr9	66800000	66863343	44.3	0.95	0.997	NA	408	NA
chr9	66913343	67107834	44.3	0.95	0.997	NA	408	NA
chr9	67207834	67366296	44.3	0.95	0.997	NA	408	NA
chr9	67516296	67987998	44.3	0.95	0.997	NA	408	NA
chr9	68137998	68300000	44.3	0.95	0.997	NA	408	NA
chr9	68300000	68514181	113.3	2.44	3.438	NA	387	NA
chr9	68664181	68838946	113.3	2.44	3.438	NA	387	NA
chr9	68988946	69100000	113.3	2.44	3.438	NA	387	NA
chr9	69100000	69278385	47.0	1.01	0.997	NA	392	NA
chr9	69328385	70010542	47.0	1.01	0.997	NA	392	NA
chr9	70060542	70218729	47.0	1.01	0.997	NA	392	NA
chr9	70318729	70506535	47.0	1.01	0.997	NA	392	NA
chr9	70556535	70735468	47.0	1.01	0.997	NA	392	NA
chr9	70835468	92343416	47.0	1.01	0.997	NA	392	NA
chr9	92443416	92528796	47.0	1.01	0.997	NA	392	NA
chr9	92678796	133073060	47.0	1.01	0.997	NA	392	NA
chr9	133223060	137041193	47.0	1.01	0.997	NA	392	NA
chr9	137091193	139166997	47.0	1.01	0.997	NA	392	NA
chr9	139216997	141153431	47.0	1.01	0.997	NA	392	NA
chr10	60000	17800000	46.6	1.00	0.997	NA	399	NA
chr10	17800000	17974675	25.7	0.55	0.494	NA	469	NA
chr10	18024675	18200000	25.7	0.55	0.494	NA	469	NA
chr10	18200000	38700000	46.3	1.00	0.997	NA	406	NA
chr10	38700000	38818835	162.6	3.50	3.438	NA	1000	NA
chr10	38868835	39154935	162.6	3.50	3.438	NA	1000	NA
chr10	42354935	42546687	162.6	3.50	3.438	NA	1000	NA
chr10	42596687	42900000	162.6	3.50	3.438	NA	1000	NA
chr10	42900000	46426964	45.9	0.99	0.997	NA	364	NA
chr10	46476964	46700000	45.9	0.99	0.997	NA	364	NA
chr10	46700000	46900000	30.3	0.65	0.494	NA	50	NA
chr10	46900000	47200000	62.4	1.34	1.508	NA	186	NA
chr10	47200000	47429169	45.1	0.97	0.997	NA	233	NA
chr10	47529169	47600000	66.1	1.42	1.508	NA	3	NA
chr10	47600000	47792476	46.9	1.01	0.997	NA	392	NA
chr10	47892476	48055707	46.9	1.01	0.997	NA	392	NA
chr10	48105707	49095536	46.9	1.01	0.997	NA	392	NA
chr10	49195536	51137410	46.9	1.01	0.997	NA	392	NA
chr10	51187410	51398845	46.9	1.01	0.997	NA	392	NA
chr10	51448845	123300000	46.9	1.01	0.997	NA	392	NA
chr10	123300000	123600000	67.2	1.44	1.508	NA	244	NA
chr10	123600000	125869472	47.5	1.02	0.997	NA	371	NA
chr10	125919472	127500000	47.5	1.02	0.997	NA	371	NA
chr10	127500000	127700000	62.7	1.35	1.508	NA	53	NA
chr10	127700000	128616069	47.4	1.02	0.997	NA	380	NA
chr10	128766069	133381404	47.4	1.02	0.997	NA	380	NA
chr10	133431404	133677527	47.4	1.02	0.997	NA	380	NA
chr10	133727527	135400000	47.4	1.02	0.997	NA	380	NA
chr10	135400000	135524747	148.3	3.19	3.438	NA	1000	NA
chr11	60000	1162759	46.9	1.01	0.997	NA	395	NA
chr11	1212759	50700000	46.9	1.01	0.997	NA	395	NA
chr11	50700000	50783853	85.7	1.84	1.508	NA	380	NA
chr11	51090853	51594205	37.5	0.81	0.997	NA	453	NA
chr11	54694205	54900000	37.5	0.81	0.997	NA	453	NA
chr11	54900000	55100000	79.1	1.70	1.508	NA	469	NA
chr11	55100000	69089801	46.6	1.00	0.997	NA	400	NA
chr11	69139801	69724695	46.6	1.00	0.997	NA	400	NA
chr11	69774695	87688378	46.6	1.00	0.997	NA	400	NA
chr11	87738378	96287584	46.6	1.00	0.997	NA	400	NA
chr11	96437584	134946516	46.6	1.00	0.997	NA	400	NA
chr12	60000	95739	62.7	1.35	1.508	NA	26	NA
chr12	145739	7189876	46.3	1.00	0.997	NA	407	NA
chr12	7239876	34856694	46.3	1.00	0.997	NA	407	NA
chr12	37856694	109373470	46.3	1.00	0.997	NA	407	NA
chr12	109423470	121965036	46.3	1.00	0.997	NA	407	NA
chr12	121965236	122530623	46.3	1.00	0.997	NA	407	NA
chr12	122580623	123928080	46.3	1.00	0.997	NA	407	NA
chr12	123928280	123960721	46.3	1.00	0.997	NA	407	NA
chr12	123960821	132706992	46.3	1.00	0.997	NA	407	NA
chr12	132806992	133841895	46.3	1.00	0.997	NA	407	NA
chr13	19020000	86760324	46.6	1.00	0.997	NA	400	NA
chr13	86910324	112353994	46.6	1.00	0.997	NA	400	NA
chr13	112503994	114325993	46.6	1.00	0.997	NA	400	NA
chr13	114425993	114639948	46.6	1.00	0.997	NA	400	NA
chr13	114739948	115109878	46.6	1.00	0.997	NA	400	NA
chr14	19000000	20400000	73.3	1.58	1.508	NA	468	NA
chr14	20400000	37100000	46.1	0.99	0.997	NA	409	NA
chr14	37100000	49600000	22.7	0.49	0.494	NA	735	NA
chr14	49600000	106200000	46.6	1.00	0.997	NA	400	NA
chr14	106200000	106400000	67.6	1.45	1.508	NA	133	NA
chr14	106400000	107289540	45.3	0.97	0.997	NA	342	NA
chr15	20000000	20800000	69.9	1.50	1.508	NA	281	NA
chr15	20800000	20894633	47.7	1.03	0.997	NA	317	NA
chr15	20935075	21398819	47.7	1.03	0.997	NA	317	NA
chr15	21885000	22212114	47.7	1.03	0.997	NA	317	NA
chr15	22262114	22596193	47.7	1.03	0.997	NA	317	NA
chr15	22646193	22700000	71.1	1.53	1.508	NA	100	NA
chr15	22700000	23514853	46.7	1.00	0.997	NA	396	NA
chr15	23564853	29159443	46.7	1.00	0.997	NA	396	NA
chr15	29209443	82829645	46.7	1.00	0.997	NA	396	NA
chr15	82879645	84984473	46.7	1.00	0.997	NA	396	NA
chr15	85034473	102521392	46.7	1.00	0.997	NA	396	NA
chr16	60000	8636921	46.2	0.99	0.997	NA	408	NA
chr16	8686921	32000000	46.2	0.99	0.997	NA	408	NA
chr16	32000000	34023150	73.7	1.59	1.508	NA	500	NA
chr16	34173150	34300000	73.7	1.59	1.508	NA	500	NA
chr16	34300000	34500000	48.8	1.05	0.997	NA	98	NA
chr16	34500000	34800000	62.5	1.34	1.508	NA	112	NA
chr16	34800000	35285801	46.8	1.01	0.997	NA	395	NA
chr16	46385801	70900000	46.8	1.01	0.997	NA	395	NA
chr16	70900000	71200000	113.8	2.45	3.438	NA	382	NA
chr16	71200000	88389383	46.6	1.00	0.997	NA	399	NA
chr16	88439383	90294753	46.6	1.00	0.997	NA	399	NA
chr17	0	296626	46.8	1.01	0.997	NA	395	NA
chr17	396626	21566608	46.8	1.01	0.997	NA	395	NA
chr17	21666608	22263006	46.8	1.01	0.997	NA	395	NA
chr17	25263006	34675848	46.8	1.01	0.997	NA	395	NA
chr17	34725848	43800000	46.8	1.01	0.997	NA	395	NA
chr17	43800000	44300000	68.4	1.47	1.508	NA	342	NA
chr17	44300000	44800000	45.7	0.98	0.997	NA	298	NA
chr17	44800000	62410760	70.9	1.52	1.508	NA	495	NA
chr17	62460760	77546461	70.9	1.52	1.508	NA	495	NA
chr17	77596461	79709049	70.9	1.52	1.508	NA	495	NA
chr17	79759049	81195210	70.9	1.52	1.508	NA	495	NA
chr18	10000	100000	45.6	0.98	0.997	NA	120	NA
chr18	100000	200000	78.0	1.68	1.508	NA	245	NA
chr18	200000	15410898	46.2	0.99	0.997	NA	409	NA
chr18	18510898	52059136	46.2	0.99	0.997	NA	409	NA
chr18	52209136	72283353	46.2	0.99	0.997	NA	409	NA
chr18	72333353	75721820	46.2	0.99	0.997	NA	409	NA
chr18	75771820	78017248	46.2	0.99	0.997	NA	409	NA
chr19	60000	7346004	45.9	0.99	0.997	NA	413	NA
chr19	7396004	8687198	45.9	0.99	0.997	NA	413	NA
chr19	8737198	20523415	45.9	0.99	0.997	NA	413	NA
chr19	20573415	24500000	45.9	0.99	0.997	NA	413	NA
chr19	24500000	24631782	155.1	3.33	3.438	NA	1000	NA
chr19	27731782	27900000	155.1	3.33	3.438	NA	1000	NA
chr19	27900000	59118983	46.5	1.00	0.997	NA	402	NA
chr20	60000	25700000	46.4	1.00	0.997	NA	403	NA
chr20	25700000	26319569	70.4	1.51	1.508	NA	389	NA
chr20	29419569	29653908	70.4	1.51	1.508	NA	389	NA
chr20	29803908	29900000	152.3	3.28	3.438	NA	1000	NA
chr20	29900000	34897085	47.0	1.01	0.997	NA	392	NA
chr20	34947085	61091437	47.0	1.01	0.997	NA	392	NA
chr20	61141437	61213369	47.0	1.01	0.997	NA	392	NA
chr20	61263369	62965520	47.0	1.01	0.997	NA	392	NA
chr21	9411193	9595548	206.4	4.44	3.438	NA	1000	NA
chr21	9645548	9775437	206.4	4.44	3.438	NA	1000	NA
chr21	9825437	10034920	206.4	4.44	3.438	NA	1000	NA
chr21	10084920	10215976	206.4	4.44	3.438	NA	1000	NA
chr21	10365976	10647896	90.2	1.94	1.508	NA	360	NA
chr21	10697896	11000000	90.2	1.94	1.508	NA	360	NA
chr21	11000000	11188129	195.2	4.20	3.438	NA	1000	NA
chr21	14338129	14400000	195.2	4.20	3.438	NA	1000	NA
chr21	14400000	42955559	46.0	0.99	0.997	NA	412	NA
chr21	43005559	43226828	46.0	0.99	0.997	NA	412	NA
chr21	43227328	43249342	46.0	0.99	0.997	NA	412	NA
chr21	43250842	44632664	46.0	0.99	0.997	NA	412	NA
chr21	44682664	48119895	46.0	0.99	0.997	NA	412	NA
chr22	16050000	16500000	76.8	1.65	1.508	NA	537	NA
chr22	16500000	16697850	47.5	1.02	0.997	NA	376	NA
chr22	16847850	20509431	47.5	1.02	0.997	NA	376	NA
chr22	20609431	25700000	47.5	1.02	0.997	NA	376	NA
chr22	25700000	25900000	23.4	0.50	0.494	NA	504	NA
chr22	25900000	38300000	47.4	1.02	0.997	NA	384	NA
chr22	38300000	44300000	23.5	0.50	0.494	NA	692	NA
chr22	44300000	50364777	47.2	1.02	0.997	NA	386	NA
chr22	50414777	51244566	47.2	1.02	0.997	NA	386	NA
chrX	60000	94821	65.0	1.40	1.508	NA	72	NA
chrX	144821	231384	44.8	0.96	0.997	NA	432	NA
chrX	281384	1047557	44.8	0.96	0.997	NA	432	NA
chrX	1097557	1134113	44.8	0.96	0.997	NA	432	NA
chrX	1184113	1264234	44.8	0.96	0.997	NA	432	NA
chrX	1314234	2068238	44.8	0.96	0.997	NA	432	NA
chrX	2118238	7623882	44.8	0.96	0.997	NA	432	NA
chrX	7673882	10738674	44.8	0.96	0.997	NA	432	NA
chrX	10788674	37098256	44.8	0.96	0.997	NA	432	NA
chrX	37148256	49242997	44.8	0.96	0.997	NA	432	NA
chrX	49292997	49974173	44.8	0.96	0.997	NA	432	NA
chrX	50024173	52395914	44.8	0.96	0.997	NA	432	NA
chrX	52445914	58500000	44.8	0.96	0.997	NA	432	NA
chrX	58500000	58582012	67.6	1.45	1.508	NA	278	NA
chrX	61682012	61900000	67.6	1.45	1.508	NA	278	NA
chrX	61900000	76653692	44.9	0.96	0.997	NA	435	NA
chrX	76703692	113517668	44.9	0.96	0.997	NA	435	NA
chrX	113567668	115682290	44.9	0.96	0.997	NA	435	NA
chrX	115732290	120013235	44.9	0.96	0.997	NA	435	NA
chrX	120063235	143507324	44.9	0.96	0.997	NA	435	NA
chrX	143557324	148906424	44.9	0.96	0.997	NA	435	NA
chrX	148956424	149032062	44.9	0.96	0.997	NA	435	NA
chrX	149082062	152277099	44.9	0.96	0.997	NA	435	NA
chrX	152327099	155260560	44.9	0.96	0.997	NA	435	NA
chrM	0	16569	52.4	1.13	0.997	NA	85	NA
