1:33478961:33479003:	2:32048602:32048919:GEXP:KRT18P52	darkblue
1:38241585:38241756:GEXP:ACTN4P2	19:11422016:11422174:	darkblue
1:80168937:80168989:	9:68418651:68418869:GEXP:MIR4477B	darkblue
1:87920824:87921047:GEXP:RNA5SP52	16:71202570:71202924:	darkblue
1:91853148:91853520:	X:108297831:108298164:GEXP:RNA28S5	darkblue
1:120543843:120544042:	16:47539075:47539265:GEXP:RNA5SP425	darkblue
1:143281978:143282357:	21:9827898:9828319:GEXP:MIR3687	darkblue
1:146712551:146712624:	9:68418730:68418833:GEXP:MIR4477B	darkblue
1:156186593:156186751:	20:26190473:26190765:GEXP:MIR663A	darkblue
1:168186485:168186781:	3:53175881:53175969:	gray
1:203889886:203890155:	16:31569514:31569600:GEXP:VN1R65P	darkblue
2:38505902:38506083:	9:68418844:68419063:GEXP:MIR4477B	darkblue
2:38505902:38506058:	4:190194283:190194492:	gray
2:85337508:85338059:	9:110537566:110537604:	gray
2:133003141:133003267:	X:58561426:58561473:	gray
2:133003335:133003368:	18:18519163:18519199:	gray
2:133003356:133003409:	18:18520029:18520072:	gray
2:133003417:133003533:	9:66833001:66833113:	gray
2:133003470:133003639:	18:18511379:18511437:	gray
2:133003679:133004041:	18:18518665:18518728:	gray
2:133012361:133012799:GEXP:MIR663B	12:20704499:20704616:	darkblue
2:133012462:133012981:GEXP:MIR663B	12:20704394:20704513:	darkblue
2:133013261:133013687:GEXP:MIR663B	21:9827510:9827848:GEXP:MIR3687	red
2:133015105:133015470:GEXP:MIR663B	20:26189386:26189465:GEXP:MIR663A	red
2:133015447:133015676:GEXP:MIR663B	16:33965800:33965977:GEXP:RNA5-8SP2	red
2:133017082:133017425:GEXP:MIR663B	16:33961080:33961223:GEXP:RNA5-8SP2	red
2:133017414:133017462:GEXP:MIR663B	17:45235658:45235726:	darkblue
2:133017432:133017981:GEXP:MIR663B	17:45266634:45266760:	darkblue
2:133017432:133017843:GEXP:MIR663B	17:45259006:45259086:	darkblue
2:133017432:133017688:GEXP:MIR663B	17:45247410:45247509:	darkblue
2:133017432:133017731:GEXP:MIR663B	17:45249432:45249585:	darkblue
2:133018715:133018936:GEXP:MIR663B	12:38444106:38444169:	darkblue
2:133018715:133018933:GEXP:MIR663B	8:46948158:46948500:	darkblue
2:133018715:133019061:GEXP:MIR663B	12:34368870:34369057:	darkblue
2:133018715:133018921:GEXP:MIR663B	21:15456204:15456364:	darkblue
2:133018715:133019261:GEXP:MIR663B	17:45266584:45266656:	darkblue
2:133019877:133020329:GEXP:CDC27P1	17:45221297:45221337:	darkblue
2:133019923:133020342:GEXP:CDC27P1	17:45221251:45221299:	darkblue
2:133020451:133020816:GEXP:CDC27P1	17:45214728:45214913:	darkblue
2:133022361:133022722:GEXP:CDC27P1	17:45212849:45213166:	darkblue
2:133023838:133024305:GEXP:CDC27P1	7:96620089:96620124:	darkblue
2:133023869:133024367:GEXP:CDC27P1	4:80273557:80273594:	darkblue
2:133024918:133024929:	16:33955712:33955750:	gray
2:133025157:133025500:	9:33906079:33906134:	gray
2:133026666:133027049:	16:33952596:33952900:	gray
2:133026951:133027209:	4:80274735:80275104:	gray
2:133027185:133027316:	14:67511524:67511667:	gray
2:133027519:133027850:	4:80273769:80273778:	gray
2:133027523:133027560:	16:33955779:33955842:	gray
2:133028570:133028960:	17:33251748:33251786:	gray
2:133028666:133028785:	14:67511522:67511649:	gray
2:133029254:133029270:	16:33955664:33955793:	gray
2:133029302:133029366:	10:34302456:34302495:	gray
2:133029308:133029346:	16:33953658:33953946:	gray
2:133030686:133030813:	16:33955305:33955351:	gray
2:133030693:133030978:	16:33956031:33956398:	gray
2:133033280:133033655:	16:33949623:33949948:	gray
2:133033578:133033879:	X:136520402:136520606:GEXP:RAC1P4	darkblue
2:133033864:133033925:	16:33949086:33949632:	gray
2:133039236:133039447:	19:24184657:24185003:GEXP:RNA5-8SP4	darkblue
2:147347729:147347766:GEXP:PABPC1P2	14:88237612:88237658:	darkblue
2:153997622:153997998:	17:74377274:74377423:	gray
2:153997624:153998171:	17:74377419:74377566:	gray
2:162136990:162137373:	21:9828359:9828417:GEXP:MIR3687	darkblue
2:162138412:162138855:	21:9831182:9831254:GEXP:MIR3687	darkblue
2:191402786:191402836:	X:108297831:108297923:GEXP:RNA28S5	darkblue
2:230045487:230045620:	19:24183912:24184177:GEXP:RNA5-8SP4	darkblue
2:230045682:230045720:	19:24184105:24184161:GEXP:RNA5-8SP4	darkblue
3:46877151:46877483:	17:41401164:41401497:	gray
3:75679006:75679386:GEXP:MIR1324	10:135474086:135474167:GEXP:CLUHP5	red
3:75696291:75696778:	16:83715661:83715716:	gray
3:75699609:75699766:GEXP:AGGF1P3	10:135500846:135500964:GEXP:DUX4L15	red
3:75717595:75717944:GEXP:FRG2C	8:52732614:52733011:	darkblue
3:75717619:75718079:GEXP:FRG2C	18:107197:107236:	darkblue
3:75718171:75718209:GEXP:FRG2C	18:107056:107093:	darkblue
3:75718339:75718459:GEXP:FRG2C	18:107546:107881:	darkblue
3:75718384:75718421:GEXP:FRG2C	10:135501056:135501102:GEXP:DUX4L15	red
3:75718428:75718610:GEXP:FRG2C	18:108603:108918:	darkblue
3:75718450:75718488:GEXP:FRG2C	18:108707:108865:	darkblue
3:75718454:75718765:GEXP:FRG2C	10:135500867:135501097:GEXP:DUX4L15	red
3:75718478:75718616:GEXP:FRG2C	10:135501070:135501308:GEXP:DUX4L15	red
3:75718661:75718771:	18:111746:112184:	gray
3:75719016:75719323:	18:112542:112623:	gray
3:75721474:75721766:	9:68407741:68408046:GEXP:RNA5SP284	darkblue
3:121298665:121298753:	17:73427350:73427767:	gray
3:155027221:155027602:GEXP:PABPC1P10	8:101730326:101730603:	darkblue
3:196625641:196625769:	22:16861808:16862020:	gray
4:8501327:8501429:	16:33956031:33956329:	gray
4:76807186:76807293:	X:108297831:108297940:GEXP:RNA28S5	darkblue
4:190193781:190194128:	9:68418291:68418507:GEXP:MIR4477B	darkblue
4:190194577:190194995:	9:68419627:68419766:GEXP:MIR4477B	darkblue
4:190195578:190196113:	9:68420641:68420746:	gray
4:190197314:190197601:	9:68422708:68423285:	gray
4:190197329:190197510:	9:68423816:68423870:	gray
4:190470114:190470592:	9:67792646:67792917:GEXP:FAM27B	darkblue
4:190892920:190893342:GEXP:MLLT10P2	9:68425906:68426180:	darkblue
4:190895727:190896189:GEXP:MLLT10P2	20:29638768:29639062:GEXP:MLLT10P1	red
4:190910968:190911164:	6:26757210:26757438:	gray
4:190942713:190943032:GEXP:DUX4L9	18:112542:112804:	darkblue
4:190943600:190943638:GEXP:DUX4L9	10:135500747:135500786:GEXP:DUX4L15	red
4:190943619:190943653:GEXP:DUX4L9	18:107944:107982:	darkblue
4:190988370:190988409:GEXP:DUX4L8	18:107403:107540:	darkblue
5:71146735:71146941:	17:19355726:19355783:	gray
5:71146741:71146925:	19:24183943:24184164:GEXP:RNA5-8SP4	darkblue
5:71146943:71147145:	19:24183735:24183823:GEXP:RNA5-8SP4	darkblue
5:134371567:134371623:	7:27506282:27506741:GEXP:PSMC1P2	darkblue
5:180694170:180694219:	9:68418738:68418830:GEXP:MIR4477B	darkblue
6:3222217:3222283:	7:158387945:158387980:GEXP:MIR5707	darkblue
6:123171431:123171569:	15:70839565:70839832:	gray
6:133593954:133594114:	19:24184638:24184998:GEXP:RNA5-8SP4	darkblue
7:23760808:23761320:GEXP:PCMTD1P3	8:52733175:52733400:	darkblue
7:26246005:26246063:	15:40854265:40854425:	gray
7:80962916:80963145:	21:9827542:9827971:GEXP:MIR3687	darkblue
7:133080763:133081259:	8:129065736:129066215:GEXP:MIR1207	darkblue
7:142486396:142486810:GEXP:WBP1LP1	9:33803239:33803383:	darkblue
7:158387928:158388013:GEXP:MIR5707	22:42720233:42720355:	darkblue
7:158387979:158388032:GEXP:MIR5707	10:105011069:105011257:	darkblue
7:158387979:158388030:GEXP:MIR5707	21:40851233:40851275:	darkblue
7:158387979:158388032:GEXP:MIR5707	9:134839704:134839779:	darkblue
7:158387979:158388085:GEXP:MIR5707	17:39754908:39754945:	darkblue
8:30145401:30145607:	17:7167959:7168417:GEXP:CLDN7	darkblue
8:30145604:30145812:	17:7167917:7168158:GEXP:CLDN7	darkblue
8:46947841:46948160:	16:33961092:33961224:GEXP:RNA5-8SP2	darkblue
8:56755032:56755306:	16:47539111:47539263:GEXP:RNA5SP425	darkblue
8:94666518:94666976:	19:9277874:9278072:	gray
8:108464821:108464904:	9:68423812:68424126:	gray
9:3054676:3054743:	16:33951568:33952055:	gray
9:33906104:33906135:	16:33957521:33957947:GEXP:LINC00273	darkblue
9:66454770:66454827:GEXP:RNA5SP283	16:33937036:33937409:GEXP:PCMTD1P2	red
9:68414158:68414552:GEXP:MIR4477B	16:33944957:33945127:GEXP:PCMTD1P2	red
9:68414945:68415196:GEXP:MIR4477B	16:33944930:33944978:GEXP:PCMTD1P2	red
9:68415871:68416277:GEXP:MIR4477B	16:33946505:33946558:GEXP:PCMTD1P2	red
9:68418647:68418736:GEXP:MIR4477B	14:78101734:78101990:	darkblue
9:68418674:68418867:GEXP:MIR4477B	11:62136046:62136082:GEXP:RCC2P6	red
9:68418728:68418835:GEXP:MIR4477B	10:135354720:135354769:	darkblue
9:68418844:68419006:GEXP:MIR4477B	18:64744019:64744311:GEXP:MIR5011	red
9:68425906:68426067:	20:29635892:29636202:GEXP:MLLT10P1	darkblue
10:98561417:98561543:	16:33955221:33955697:	gray
10:135499270:135499507:GEXP:DUX4L15	18:107916:107979:	darkblue
10:135499404:135499516:GEXP:DUX4L15	18:105836:106238:	darkblue
10:135499476:135499511:GEXP:DUX4L15	18:109012:109289:	darkblue
10:135499479:135499952:GEXP:DUX4L15	18:107915:108552:	darkblue
10:135499538:135499896:GEXP:DUX4L15	18:108423:108805:	darkblue
10:135499740:135499952:GEXP:DUX4L15	18:109308:109695:	darkblue
10:135499744:135499984:GEXP:DUX4L15	18:108698:109146:	darkblue
10:135499886:135500297:GEXP:DUX4L15	18:108156:108515:	darkblue
10:135499907:135500503:GEXP:DUX4L15	18:108779:109316:	darkblue
10:135499929:135500233:GEXP:DUX4L15	18:109689:110396:	darkblue
10:135499945:135500293:GEXP:DUX4L15	18:108919:109332:	darkblue
10:135499971:135500133:GEXP:DUX4L15	18:109458:109597:	darkblue
10:135500154:135500532:GEXP:DUX4L15	18:111495:111555:	darkblue
10:135500239:135500335:GEXP:DUX4L15	18:106822:107059:	darkblue
10:135500420:135500724:GEXP:DUX4L15	18:108217:108733:	darkblue
10:135500506:135500809:GEXP:DUX4L15	18:108538:109017:	darkblue
10:135500565:135500668:GEXP:DUX4L15	18:111315:111466:	darkblue
10:135500613:135500950:GEXP:DUX4L15	18:108713:108913:	darkblue
10:135500643:135500900:GEXP:DUX4L15	18:107905:108254:	darkblue
10:135500685:135500931:GEXP:DUX4L15	18:111180:111352:	darkblue
10:135500762:135501094:GEXP:DUX4L15	18:111332:111815:	darkblue
10:135500833:135500880:GEXP:DUX4L15	X:29270580:29270683:	darkblue
10:135500837:135501302:GEXP:DUX4L15	18:108155:108581:	darkblue
10:135500847:135501116:GEXP:DUX4L15	18:111420:111636:	darkblue
10:135500851:135501085:GEXP:DUX4L15	18:109622:110056:	darkblue
10:135500851:135500971:GEXP:DUX4L15	18:107531:107844:	darkblue
10:135500853:135501213:GEXP:DUX4L15	18:108782:109332:	darkblue
10:135500861:135501102:GEXP:DUX4L15	18:110868:111081:	darkblue
10:135500867:135500909:GEXP:DUX4L15	18:110361:110704:	darkblue
10:135500905:135500953:GEXP:DUX4L15	18:107442:107856:	darkblue
10:135500913:135500947:GEXP:DUX4L15	18:106201:106236:	darkblue
10:135500918:135501205:GEXP:DUX4L15	18:109679:110077:	darkblue
10:135500937:135501498:GEXP:DUX4L15	18:109312:109650:	darkblue
10:135501069:135501196:GEXP:DUX4L15	18:107032:107258:	darkblue
10:135501077:135501275:GEXP:DUX4L15	18:110582:110825:	darkblue
10:135501099:135501207:GEXP:DUX4L15	18:109084:109717:	darkblue
10:135501103:135501345:GEXP:DUX4L15	18:108240:108443:	darkblue
10:135501104:135501557:GEXP:DUX4L15	18:108904:109377:	darkblue
10:135501253:135501451:GEXP:DUX4L15	18:108216:108519:	darkblue
10:135501322:135501616:GEXP:DUX4L15	18:111559:111805:	darkblue
10:135501471:135501794:GEXP:DUX4L15	12:17250806:17250974:	darkblue
10:135501589:135501798:GEXP:DUX4L15	18:109102:109318:	darkblue
10:135501618:135501656:GEXP:DUX4L15	18:108476:108514:	darkblue
10:135501669:135501757:GEXP:DUX4L15	18:108220:108254:	darkblue
10:135501703:135501738:GEXP:DUX4L15	12:17250764:17250800:	darkblue
10:135501736:135501874:GEXP:DUX4L15	18:109311:109384:	darkblue
10:135501807:135501841:GEXP:DUX4L15	18:108318:108381:	darkblue
10:135501884:135501958:GEXP:DUX4L15	18:111260:111339:	darkblue
10:135502059:135502368:	18:108196:108526:	gray
10:135502369:135502606:	18:108437:108500:	gray
10:135502490:135502525:	18:108480:108527:	gray
11:1162731:1162789:	14:104910576:104910668:	gray
11:45848297:45848363:	16:33963750:33964169:GEXP:RNA5-8SP2	darkblue
11:62609227:62609339:GEXP:RNU2-2	17:41465674:41465914:	darkblue
12:17250791:17250899:	18:108887:109028:	gray
12:20704357:20704491:	16:33963781:33964251:GEXP:RNA5-8SP2	darkblue
12:20704505:20704649:	16:33963925:33964301:GEXP:RNA5-8SP2	darkblue
12:34323251:34323574:	X:130495313:130495349:	gray
12:34372683:34372741:	X:108297831:108297948:GEXP:RNA28S5	darkblue
12:34430012:34430067:	16:33961227:33961358:GEXP:RNA5-8SP2	darkblue
12:38448768:38448903:	16:33952557:33952900:	gray
12:58217485:58217922:GEXP:MIR26A2	15:38751047:38751103:	darkblue
12:58220563:58220864:GEXP:MIR26A2	15:38751166:38751279:	darkblue
12:133344200:133344423:	16:33960991:33961215:GEXP:RNA5-8SP2	darkblue
14:106484225:106484684:	15:22486809:22487210:GEXP:IGHV1OR15-4	darkblue
14:106636718:106637088:GEXP:SLC20A1P2	15:20173166:20173564:	darkblue
14:106771781:106772390:GEXP:IGHV7-27	15:22491248:22491517:	darkblue
16:14580983:14581079:	X:136520399:136520551:GEXP:RAC1P4	darkblue
16:33949324:33949618:	X:136520402:136520606:GEXP:RAC1P4	darkblue
16:33950186:33950291:	X:136520405:136520450:GEXP:RAC1P4	darkblue
16:33950740:33951170:	21:29741301:29741350:	gray
16:33952943:33953423:	X:19496131:19496175:	gray
16:33953191:33953238:	19:3366443:3366503:	gray
16:33955734:33955797:	19:51003458:51003579:	gray
16:33960977:33961545:GEXP:RNA5-8SP2	17:45213802:45214008:	darkblue
16:33961080:33961150:GEXP:RNA5-8SP2	17:45266660:45266788:	darkblue
16:33963046:33963500:GEXP:RNA5-8SP2	21:9827552:9828051:GEXP:MIR3687	red
16:33973912:33974192:	21:10701860:10702056:	gray
16:33974617:33975066:	21:10702220:10702426:	gray
16:47539269:47539838:GEXP:RNA5SP425	19:36066540:36066739:	darkblue
17:33478112:33478266:	19:24186026:24186270:GEXP:RNA5-8SP4	darkblue
17:41466841:41467138:	19:39749848:39749941:GEXP:MSRB1P1	darkblue
18:109052:109380:	X:29270682:29270950:	gray
18:109189:109367:	X:29269333:29269521:	gray
18:56843248:56843285:	19:28303532:28303578:	gray
19:19632429:19632654:	22:16347242:16347548:	gray
20:26188782:26188910:GEXP:MIR663A	21:9825514:9825726:GEXP:MIR3687	red
