1:825037:825074:	18:108297:108466:	gray
1:5715186:5715282:	12:34295106:34295299:	gray
1:5733173:5733687:	11:81161745:81161782:	gray
1:5736002:5736451:	16:33922008:33922315:	gray
1:5736145:5736483:	16:33923065:33923482:	gray
1:5736256:5736436:	16:33922259:33922526:	gray
1:8050554:8050654:	21:44632608:44632720:	gray
1:9121445:9121936:	14:93713177:93713632:	gray
1:9121448:9121836:	14:93712485:93712857:	gray
1:17615699:17616048:	19:16946177:16946214:	gray
1:26455927:26456019:	14:88237829:88238091:	gray
1:26456061:26456156:	13:28033699:28034053:	gray
1:28515672:28515868:	19:24027943:24028358:	gray
1:30936994:30937108:	6:40622914:40623048:	gray
1:33478961:33479003:	2:32048602:32048919:GEXP:KRT18P52	cornflowerblue
1:37938256:37938381:	2:68914879:68915355:	gray
1:37938357:37938455:	2:68915093:68915151:	gray
1:38241585:38241756:GEXP:ACTN4P2	19:11422016:11422174:	cornflowerblue
1:46420697:46420745:	3:176683776:176684114:	gray
1:55705907:55706009:	4:93827724:93827995:	gray
1:80168937:80168989:	9:68418651:68418869:GEXP:MIR4477B	cornflowerblue
1:80168979:80169074:	4:190194344:190194627:	gray
1:81857194:81857306:	20:26318224:26318261:	gray
1:87920824:87921047:GEXP:RNA5SP52	16:71202570:71202924:	cornflowerblue
1:91852782:91853143:	9:79186648:79186726:	gray
1:91852782:91853146:	12:127650987:127651111:	gray
1:91852782:91853150:	4:76807175:76807407:	gray
1:91852782:91853138:	2:159440797:159440906:	gray
1:91852782:91853145:	17:75158387:75158449:	gray
1:91852782:91853114:	12:38531503:38531655:	gray
1:91852782:91853149:	21:15457438:15457608:	gray
1:91852782:91853118:	8:46952025:46952205:	gray
1:91852782:91853143:	X:88735818:88735910:	gray
1:91852782:91853153:	12:34372683:34372756:	gray
1:91852782:91853150:	2:133036703:133036895:	gray
1:91852782:91853085:	7:104966297:104966346:	gray
1:91852782:91853149:	2:191402786:191402924:	gray
1:91852782:91853045:	3:117985773:117985826:	gray
1:91852782:91853114:	7:48672360:48672408:	gray
1:91852782:91853142:	12:85562757:85562809:	gray
1:91852924:91853148:	19:42070588:42070796:	gray
1:91853148:91853475:	2:78928992:78929190:	gray
1:91853148:91853427:	8:70602252:70602524:	gray
1:91853148:91853520:	X:108297831:108298164:GEXP:RNA28S5	cornflowerblue
1:91853148:91853456:	7:68527788:68528113:	gray
1:108113321:108113597:	5:71146735:71146935:	gray
1:108113331:108113584:	2:230045500:230045623:	gray
1:109494852:109495134:	3:110413394:110413786:	gray
1:109495116:109495303:	3:110413584:110413748:	gray
1:119401193:119401351:	2:141852922:141853284:	gray
1:120543843:120544042:	16:47539075:47539265:GEXP:RNA5SP425	cornflowerblue
1:120543889:120544014:	2:133039236:133039495:	gray
1:120543955:120544069:	6:133594064:133594114:	gray
1:121351830:121352279:	11:51572066:51572146:	gray
1:121352853:121353234:	X:58561426:58561476:	gray
1:121353124:121353232:	11:51579630:51579801:	gray
1:121353296:121353334:	18:18520322:18520569:	gray
1:121356798:121356869:	X:58561303:58561439:	gray
1:121484131:121484502:	19:27732256:27732528:	gray
1:121484132:121484710:	10:42529409:42529651:	gray
1:121484148:121484410:	19:27737643:27737961:	gray
1:121484148:121484180:	19:27735509:27735602:	gray
1:121484150:121484239:	10:42399506:42399679:	gray
1:121484151:121484461:	10:42527251:42527312:	gray
1:121484158:121484370:	19:27733894:27734107:	gray
1:121484159:121484372:	19:27739377:27739486:	gray
1:121484161:121484632:	19:27738719:27739103:	gray
1:121484164:121484361:	12:34846352:34846485:	gray
1:121484186:121484223:	19:27735304:27735758:	gray
1:121484186:121484259:	15:20014153:20014186:	gray
1:121484227:121484545:	10:42530951:42531435:	gray
1:121484228:121484485:	8:43786768:43786804:	gray
1:121484229:121484323:	10:42534802:42534898:	gray
1:121484230:121484533:	10:42528073:42528107:	gray
1:121484331:121484370:	7:61969970:61970298:	gray
1:121484336:121484372:	12:34850537:34850575:	gray
1:121484338:121484707:	10:42531858:42532406:	gray
1:121484340:121484481:	4:68266689:68266768:	gray
1:121484345:121484382:	12:34855184:34855222:	gray
1:121484347:121484826:	12:34833494:34833535:	gray
1:121484349:121484426:	X:61760310:61760347:	gray
1:121484377:121484411:	7:61978018:61978054:	gray
1:121484421:121484643:	4:68266363:68266710:	gray
1:121484433:121484844:	4:68264318:68264845:	gray
1:121484438:121484710:	4:68264845:68265124:	gray
1:121484450:121484712:	19:27737500:27737757:	gray
1:121484455:121484713:	19:27733731:27734075:	gray
1:121484460:121484494:	10:42532883:42532921:	gray
1:121484467:121484502:	7:61982780:61982817:	gray
1:121484497:121484711:	10:42525800:42525923:	gray
1:121484504:121484843:	10:42400645:42401102:	gray
1:121484505:121484541:	7:61981580:61981616:	gray
1:121484510:121484844:	7:61981227:61981370:	gray
1:121484525:121485058:	19:27736793:27737136:	gray
1:121484532:121484845:	10:42399460:42400123:	gray
1:121484542:121484960:	10:42532160:42532398:	gray
1:121484584:121484711:	19:27740196:27740625:	gray
1:121484602:121484638:	7:61976493:61976530:	gray
1:121484605:121484775:	19:27738492:27738609:	gray
1:121484618:121485116:	19:27732038:27732137:	gray
1:121484625:121485045:	3:90474733:90474769:	gray
1:121484643:121484965:	19:27731988:27732371:	gray
1:121484643:121484966:	12:34833464:34833501:	gray
1:121484668:121485104:	19:27733421:27733508:	gray
1:121484672:121484845:	10:42405555:42405833:	gray
1:121484673:121484787:	7:61976485:61976912:	gray
1:121484678:121485095:	7:61977999:61978351:	gray
1:121484682:121485094:	10:42530385:42530757:	gray
1:121484701:121484963:	10:42532805:42532866:	gray
1:121484728:121484762:	12:34845406:34845444:	gray
1:121484732:121485075:	10:42405336:42405728:	gray
1:121484736:121485040:	12:34846359:34846402:	gray
1:121484737:121484774:	10:42529410:42529447:	gray
1:121484742:121484777:	19:27734793:27734831:	gray
1:121484756:121484792:	19:27736429:27736495:	gray
1:121484758:121485109:	19:27735369:27735603:	gray
1:121484760:121484797:	2:132980937:132980974:	gray
1:121484778:121484810:	12:38035136:38035174:	gray
1:121484779:121484873:	10:42397871:42398008:	gray
1:121484806:121484843:	7:61984796:61985145:	gray
1:121484813:121485043:	X:61768299:61768450:	gray
1:121484813:121485226:	12:34855385:34855422:	gray
1:121484813:121484843:	12:34847720:34847757:	gray
1:121484814:121485045:	12:34843286:34843324:	gray
1:121484814:121485431:	10:42400744:42401095:	gray
1:121484818:121485049:	4:68266614:68266739:	gray
1:121484820:121485212:	19:27732698:27733216:	gray
1:121484836:121484873:	8:46868803:46868841:	gray
1:121484859:121484896:	8:46869997:46870032:	gray
1:121484887:121484985:	10:42398704:42399027:	gray
1:121484964:121485001:	12:38256431:38256468:	gray
1:121484995:121485431:	19:27738517:27738780:	gray
1:121484997:121485073:	12:34833496:34833548:	gray
1:121485008:121485430:	19:27737492:27737860:	gray
1:121485033:121485308:	21:14358590:14358816:	gray
1:121485051:121485432:	19:27740175:27740550:	gray
1:121485053:121485092:	16:35281132:35281167:	gray
1:121485057:121485094:	12:34855131:34855169:	gray
1:121485058:121485295:	19:27732741:27732884:	gray
1:121485058:121485111:	19:27732708:27732765:	gray
1:121485059:121485097:	11:55020010:55020049:	gray
1:121485071:121485309:	10:42544665:42544707:	gray
1:121485075:121485431:	10:42527549:42527776:	gray
1:121485077:121485181:	10:42529311:42529442:	gray
1:121485078:121485418:	19:27739489:27739772:	gray
1:121485083:121485431:	4:68264310:68264525:	gray
1:121485089:121485236:	10:42529708:42529748:	gray
1:121485102:121485459:	19:27732043:27732260:	gray
1:121485103:121485140:	7:61971262:61971300:	gray
1:121485113:121485720:	4:68266007:68266045:	gray
1:121485146:121485179:	7:61973118:61973158:	gray
1:121485147:121485181:	21:14345055:14345089:	gray
1:121485149:121485430:	19:27732738:27733351:	gray
1:121485149:121485392:	14:19004289:19004328:	gray
1:121485165:121485294:	19:27740344:27740759:	gray
1:121485173:121485737:	10:42532467:42532893:	gray
1:121485174:121485486:	7:62020326:62020588:	gray
1:121485176:121485212:	21:14339250:14339318:	gray
1:121485179:121485607:	8:43805607:43806045:	gray
1:121485183:121485424:	10:42404953:42405124:	gray
1:121485187:121485277:	11:50766822:50766875:	gray
1:121485189:121485230:	11:48963402:48963451:	gray
1:121485190:121485223:	12:34847688:34847726:	gray
1:121485190:121485251:	10:42402453:42402521:	gray
1:121485191:121485248:	8:43786772:43786816:	gray
1:121485192:121485432:	7:61977990:61978332:	gray
1:121485193:121485236:	10:42400219:42400255:	gray
1:121485193:121485230:	7:61983824:61983861:	gray
1:121485193:121485294:	2:132997066:132997112:	gray
1:121485195:121485427:	12:34835271:34835362:	gray
1:121485195:121485294:	11:48888496:48888533:	gray
1:121485196:121485427:	7:61975250:61975304:	gray
1:121485207:121485354:	16:34010023:34010213:	gray
1:121485215:121485388:	20:26317725:26317762:	gray
1:121485215:121485294:	7:61967389:61967432:	gray
1:121485216:121485251:	X:61814820:61814858:	gray
1:121485216:121485308:	19:27738036:27738083:	gray
1:121485219:121485238:	X:61888427:61888462:	gray
1:121485225:121485249:	10:42406150:42406183:	gray
1:121485230:121485441:	12:34856551:34856637:	gray
1:121485230:121485311:	8:43776026:43776294:	gray
1:121485232:121485434:	10:42406847:42407000:	gray
1:121485233:121485491:	6:61920323:61920562:	gray
1:121485234:121485456:	11:50760091:50760126:	gray
1:121485234:121485456:	10:42408489:42408547:	gray
1:121485234:121485327:	7:61971814:61971860:	gray
1:121485235:121485271:	12:34851923:34852104:	gray
1:121485236:121485272:	10:42528903:42529276:	gray
1:121485237:121485329:	7:61975209:61975255:	gray
1:121485237:121485274:	7:61968416:61968462:	gray
1:121485237:121485274:	15:20031600:20031707:	gray
1:121485237:121485329:	12:38030630:38030928:	gray
1:121485238:121485276:	10:42818048:42818154:	gray
1:121485238:121485276:	7:61982928:61982965:	gray
1:121485238:121485632:	7:61972842:61972886:	gray
1:121485238:121485276:	11:55018645:55018682:	gray
1:121485238:121485402:	4:68265619:68266254:	gray
1:121485239:121485646:	5:46301694:46301731:	gray
1:121485245:121485390:	19:27739799:27740242:	gray
1:121485251:121485471:	11:48954540:48954577:	gray
1:121485252:121485304:	12:34847202:34847695:	gray
1:121485260:121485419:	10:42527050:42527584:	gray
1:121485267:121485501:	3:90493332:90493695:	gray
1:121485268:121485336:	8:43768175:43768214:	gray
1:121485269:121485338:	7:61982071:61982118:	gray
1:121485269:121485399:	5:46362085:46362378:	gray
1:121485269:121485515:	3:90490841:90490878:	gray
1:121485270:121485520:	12:34855503:34855739:	gray
1:121485270:121485338:	10:42817198:42817576:	gray
1:121485271:121485872:	10:42402307:42402587:	gray
1:121485272:121485404:	7:61983649:61983735:	gray
1:121485272:121485344:	5:46366494:46366531:	gray
1:121485273:121485709:	10:42532860:42532963:	gray
1:121485273:121485466:	10:42525995:42526183:	gray
1:121485275:121485297:	7:61561764:61561802:	gray
1:121485275:121485347:	10:42408027:42408096:	gray
1:121485275:121485804:	5:49514880:49514919:	gray
1:121485275:121485405:	5:49484363:49484401:	gray
1:121485277:121485315:	14:19010471:19010510:	gray
1:121485277:121485386:	10:42531870:42532090:	gray
1:121485278:121485870:	19:27738468:27738971:	gray
1:121485282:121485318:	7:61981617:61981653:	gray
1:121485282:121485550:	7:61970044:61970716:	gray
1:121485283:121485536:	10:42398247:42398392:	gray
1:121485284:121485367:	12:34848095:34848452:	gray
1:121485284:121485422:	10:42409182:42409419:	gray
1:121485285:121485562:	10:42399233:42399506:	gray
1:121485285:121485547:	10:42397870:42398393:	gray
1:121485285:121485371:	3:90489575:90489633:	gray
1:121485286:121485329:	5:46354606:46354653:	gray
1:121485287:121485575:	19:27733088:27733428:	gray
1:121485287:121485769:	19:27736529:27736780:	gray
1:121485287:121485376:	7:61973233:61973614:	gray
1:121485287:121485396:	5:46377570:46377736:	gray
1:121485287:121485436:	10:42527599:42528177:	gray
1:121485287:121485495:	6:61912630:61912718:	gray
1:121485287:121485561:	4:68266789:68267066:	gray
1:121485287:121485354:	4:68264857:68265025:	gray
1:121485288:121485377:	19:27735846:27735999:	gray
1:121485288:121485376:	3:90334598:90334635:	gray
1:121485289:121485325:	20:26311152:26311189:	gray
1:121485289:121485566:	20:26318173:26318220:	gray
1:121485289:121485337:	11:48888469:48888507:	gray
1:121485289:121485858:	10:42532803:42533478:	gray
1:121485291:121485329:	5:49533061:49533117:	gray
1:121485293:121485387:	19:27734599:27734928:	gray
1:121485344:121485380:	12:34856389:34856427:	gray
1:121485348:121485384:	12:34841483:34841522:	gray
1:121485355:121485389:	10:42532975:42533011:	gray
1:121485377:121485738:	12:34833454:34833500:	gray
1:121485381:121485418:	4:68266703:68266740:	gray
1:121485384:121485759:	12:34843260:34843316:	gray
1:121485387:121485430:	19:27733411:27733447:	gray
1:121485387:121485435:	19:27897717:27897756:	gray
1:121485387:121485574:	6:61911034:61911072:	gray
1:121485389:121485637:	6:61914313:61914596:	gray
1:121485389:121485537:	5:49476505:49476600:	gray
1:121485389:121485430:	12:34664553:34664589:	gray
1:121485390:121485542:	7:61967350:61967613:	gray
1:121485391:121485782:	4:68264421:68264550:	gray
1:121485392:121485923:	6:61911471:61911518:	gray
1:121485392:121485430:	11:55000678:55000713:	gray
1:121485393:121485431:	12:34833495:34833531:	gray
1:121485394:121485535:	10:42402261:42402294:	gray
1:121485394:121485737:	10:42529882:42530149:	gray
1:121485396:121485709:	10:42398359:42398586:	gray
1:121485397:121485614:	19:27736226:27736591:	gray
1:121485397:121485944:	10:42531954:42532459:	gray
1:121485398:121485596:	7:57957892:57957932:	gray
1:121485399:121485456:	7:61977963:61978023:	gray
1:121485401:121486079:	19:27735123:27735759:	gray
1:121485401:121485627:	8:43786735:43786785:	gray
1:121485402:121485605:	12:34841446:34841532:	gray
1:121485402:121485566:	7:61980505:61980834:	gray
1:121485402:121485790:	10:42529649:42530222:	gray
1:121485404:121485751:	19:27733860:27734420:	gray
1:121485408:121485616:	20:26317627:26317672:	gray
1:121485409:121485670:	19:27738188:27738554:	gray
1:121485410:121485622:	12:34852703:34853181:	gray
1:121485410:121485582:	7:58047042:58047080:	gray
1:121485411:121485620:	12:34846307:34846350:	gray
1:121485411:121485774:	10:42400118:42400566:	gray
1:121485411:121485803:	10:42531152:42531585:	gray
1:121485412:121485814:	19:27737169:27737779:	gray
1:121485412:121486020:	19:27733795:27733919:	gray
1:121485412:121485764:	10:42404856:42404986:	gray
1:121485412:121486100:	10:42528254:42528752:	gray
1:121485413:121485806:	12:34850939:34851395:	gray
1:121485413:121485811:	10:42530714:42531182:	gray
1:121485415:121485575:	12:34839735:34839780:	gray
1:121485422:121485700:	6:61913430:61913468:	gray
1:121485425:121485770:	19:27731795:27732369:	gray
1:121485426:121485879:	19:27739204:27739795:	gray
1:142535466:142535615:	4:49156983:49157064:	gray
1:142535475:142535704:	16:33898695:33898912:	gray
1:142535479:142535616:	21:10801079:10801446:	gray
1:142535485:142535555:	21:10793724:10793760:	gray
1:142535487:142535694:	17:25267935:25267974:	gray
1:142535488:142535932:	21:10788016:10788222:	gray
1:142535491:142535620:	21:10789499:10789818:	gray
1:142535498:142535682:	7:64954425:64954514:	gray
1:142535502:142535634:	21:10782022:10782058:	gray
1:142535509:142535630:	16:33902124:33902157:	gray
1:142535617:142535692:	16:33900580:33900614:	gray
1:142539723:142539947:	21:10084941:10085062:	gray
1:143281978:143282357:	21:9827898:9828319:GEXP:MIR3687	cornflowerblue
1:145277370:145277413:	6:133594069:133594118:	gray
1:145277489:145277642:	2:133039236:133039561:	gray
1:145277489:145277578:	4:70296753:70296851:	gray
1:145277489:145277642:	19:36066505:36066726:	gray
1:146712551:146712624:	9:68418730:68418833:GEXP:MIR4477B	cornflowerblue
1:149035416:149035472:	3:196625672:196625729:	gray
1:156186290:156186490:	12:38543839:38543893:	gray
1:156186593:156186751:	20:26190473:26190765:GEXP:MIR663A	cornflowerblue
1:164240435:164240566:	2:190999445:190999990:	gray
1:164240550:164240662:	2:190999540:190999824:	gray
1:167811542:167811685:	7:20707353:20707402:	gray
1:168186485:168186781:	3:53175881:53175969:	gray
1:182274373:182274446:	3:53175910:53175964:	gray
1:200067551:200067680:	2:23698255:23698737:	gray
1:200067680:200067816:	2:23698247:23698798:	gray
1:203889886:203890155:	16:31569514:31569600:GEXP:VN1R65P	cornflowerblue
1:207579635:207579757:	6:57494241:57494706:	gray
1:224200938:224200995:	13:20370448:20370488:	gray
1:224202155:224202205:	13:20370459:20370539:	gray
1:227759744:227760022:	16:33923356:33923629:	gray
1:227760033:227760251:	16:33922139:33922400:	gray
1:236661534:236661665:	5:159518485:159518550:	gray
2:1216944:1216973:	10:98561344:98561514:	gray
2:8587104:8587151:	6:66561358:66561485:	gray
2:11094746:11094963:	10:115542554:115542605:	gray
2:11929947:11930047:	X:81695789:81696047:	gray
2:11930016:11930092:	X:81695645:81695878:	gray
2:26556298:26556460:	4:90644970:90645199:	gray
2:32518400:32518439:	5:154275191:154275228:	gray
2:38505902:38506083:	9:68418844:68419063:GEXP:MIR4477B	cornflowerblue
2:38505902:38506058:	4:190194283:190194492:	gray
2:62958072:62958232:	10:98561479:98561555:	gray
2:68914879:68915198:	5:64468079:64468345:	gray
2:85337508:85338059:	9:110537566:110537604:	gray
2:89830670:89830845:	3:196625727:196625810:	gray
2:89838219:89838261:	16:46385906:46385979:	gray
2:89840031:89840099:	3:196625689:196625748:	gray
2:89846905:89847004:	3:196625733:196625808:	gray
2:89848625:89848735:	3:196625639:196625789:	gray
2:89848686:89849046:	10:42396483:42396650:	gray
2:89848686:89848733:	10:42387884:42388102:	gray
2:89851386:89851601:	10:39092709:39092896:	gray
2:89867679:89867712:	21:10800988:10801029:	gray
2:92269249:92269287:	16:46443832:46443869:	gray
2:92269497:92269680:	3:196625641:196625746:	gray
2:92269611:92269782:	3:196625739:196625862:	gray
2:92269743:92269793:	3:196625681:196625719:	gray
2:92272900:92272935:	18:18513039:18513076:	gray
2:92272961:92273111:	9:66971215:66971251:	gray
2:92273003:92273041:	18:18520313:18520355:	gray
2:92273203:92273541:	18:18511464:18511500:	gray
2:92273406:92273627:	18:18519413:18519449:	gray
2:92273539:92273879:	18:18520327:18520395:	gray
2:92273557:92273593:	18:18518108:18518146:	gray
2:92273669:92273705:	8:43822273:43822470:	gray
2:92273749:92274096:	18:18513035:18513073:	gray
2:92274459:92274977:	8:46857478:46857547:	gray
2:92274647:92274916:	18:18511707:18511887:	gray
2:92274793:92275225:	14:19019068:19019141:	gray
2:92274942:92275009:	18:18520314:18520366:	gray
2:92275650:92275994:	18:18513221:18513270:	gray
2:92275762:92276007:	8:43825884:43825941:	gray
2:92275962:92275999:	18:18517698:18517757:	gray
2:92275973:92276036:	4:68264597:68264645:	gray
2:92275977:92276028:	18:18520302:18520615:	gray
2:92275996:92276063:	12:38010295:38010327:	gray
2:92276041:92276157:	14:19053861:19053879:	gray
2:92276042:92276156:	7:61985791:61985885:	gray
2:92276055:92276182:	8:43766936:43767053:	gray
2:92276256:92276602:	8:43768372:43768421:	gray
2:92276355:92276778:	11:48932686:48932869:	gray
2:92276370:92276830:	21:14359221:14359258:	gray
2:92276470:92276922:	18:18512848:18513069:	gray
2:92276729:92277082:	18:18520232:18520389:	gray
2:92281188:92281519:	8:43825845:43825897:	gray
2:92281225:92281355:	7:61082132:61082223:	gray
2:92281267:92281657:	18:18518108:18518174:	gray
2:92281277:92281355:	20:26293866:26294103:	gray
2:92281291:92281366:	11:51578778:51578883:	gray
2:92281297:92281355:	18:18519199:18519404:	gray
2:92281317:92281352:	18:18520036:18520070:	gray
2:92281325:92281365:	18:18520293:18520331:	gray
2:92281496:92281680:	9:67320840:67320893:	gray
2:92281579:92281833:	7:61079075:61079529:	gray
2:92281584:92281681:	11:48804108:48804147:	gray
2:92281584:92281681:	18:18520218:18520307:	gray
2:92281766:92281899:	18:18520300:18520338:	gray
2:92282047:92282107:	8:43822165:43822236:	gray
2:92282348:92282930:	18:18516132:18516192:	gray
2:92282362:92282551:	8:43825829:43825880:	gray
2:92282618:92282653:	18:18518899:18518935:	gray
2:92284183:92284219:	18:18519353:18519405:	gray
2:92284187:92284225:	18:18518561:18518999:	gray
2:92284291:92284389:	9:42819127:42819176:	gray
2:92284351:92284555:	18:18520332:18520409:	gray
2:92284355:92284440:	18:18518619:18518652:	gray
2:92284628:92284661:	4:68264510:68264661:	gray
2:92287148:92287184:	18:18520292:18520599:	gray
2:92288280:92288383:	18:18511516:18511617:	gray
2:92289873:92290568:	14:19001426:19001463:	gray
2:92290637:92290749:	9:66824069:66824484:	gray
2:92291611:92291877:	12:38119653:38119968:	gray
2:92297220:92297719:	20:26319370:26319445:	gray
2:92300654:92301154:	18:18520221:18520338:	gray
2:92305757:92305794:	9:66971125:66971160:	gray
2:92306116:92306492:	19:27870309:27870343:	gray
2:92306120:92306448:	18:18520156:18520473:	gray
2:92306176:92306615:	7:61092232:61092268:	gray
2:92307558:92307593:	18:18518890:18518934:	gray
2:92309236:92309279:	18:18520321:18520568:	gray
2:92309273:92309611:	18:18512920:18513076:	gray
2:92309360:92309523:	18:18511983:18512034:	gray
2:92317479:92317777:	11:54951392:54951427:	gray
2:92317624:92317980:	18:18512955:18513285:	gray
2:92317638:92317771:	6:61897813:61897838:	gray
2:92317732:92317767:	18:18518459:18518513:	gray
2:92318110:92318501:	9:66849724:66849773:	gray
2:92318756:92318790:	18:18520038:18520076:	gray
2:92318775:92318828:	12:38119653:38119955:	gray
2:92320057:92320174:	16:34007294:34007327:	gray
2:92321487:92321787:	3:90473159:90473210:	gray
2:95528595:95529001:	21:9901776:9901997:	gray
2:95548046:95548131:	21:9921234:9921452:	gray
2:112009027:112009163:	3:9341875:9342015:	gray
2:114173317:114173567:	9:68434528:68434970:	gray
2:115695153:115695190:	22:21265465:21265508:	gray
2:115695160:115695207:	17:33478145:33478349:	gray
2:116376708:116376997:	9:131458664:131458870:	gray
2:117853287:117853334:	10:3138781:3138845:	gray
2:132795845:132796031:	19:33444599:33444843:	gray
2:132987088:132987126:	18:18520113:18520236:	gray
2:132994891:132995015:	12:38164940:38165096:	gray
2:132994946:132995016:	8:43769637:43769714:	gray
2:132996335:132996648:	18:18518743:18518986:	gray
2:132996352:132996389:	18:18520292:18520674:	gray
2:132996575:132996845:	12:34847469:34847509:	gray
2:132997019:132997120:	4:68266561:68266656:	gray
2:132997128:132997223:	12:38029102:38029136:	gray
2:132997513:132997544:	9:66971133:66971170:	gray
2:133003141:133003267:	X:58561426:58561473:	gray
2:133003335:133003368:	18:18519163:18519199:	gray
2:133003356:133003409:	18:18520029:18520072:	gray
2:133003417:133003533:	9:66833001:66833113:	gray
2:133003470:133003639:	18:18511379:18511437:	gray
2:133003679:133004041:	18:18518665:18518728:	gray
2:133012361:133012799:GEXP:MIR663B	12:20704499:20704616:	cornflowerblue
2:133012462:133012981:GEXP:MIR663B	12:20704394:20704513:	cornflowerblue
2:133013261:133013687:GEXP:MIR663B	21:9827510:9827848:GEXP:MIR3687	red
2:133015105:133015470:GEXP:MIR663B	20:26189386:26189465:GEXP:MIR663A	red
2:133015447:133015676:GEXP:MIR663B	16:33965800:33965977:GEXP:RNA5-8SP2	red
2:133017082:133017425:GEXP:MIR663B	16:33961080:33961223:GEXP:RNA5-8SP2	red
2:133017414:133017462:GEXP:MIR663B	17:45235658:45235726:	cornflowerblue
2:133017432:133017981:GEXP:MIR663B	17:45266634:45266760:	cornflowerblue
2:133017432:133017843:GEXP:MIR663B	17:45259006:45259086:	cornflowerblue
2:133017432:133017688:GEXP:MIR663B	17:45247410:45247509:	cornflowerblue
2:133017432:133017731:GEXP:MIR663B	17:45249432:45249585:	cornflowerblue
2:133018715:133018936:GEXP:MIR663B	12:38444106:38444169:	cornflowerblue
2:133018715:133018933:GEXP:MIR663B	8:46948158:46948500:	cornflowerblue
2:133018715:133019061:GEXP:MIR663B	12:34368870:34369057:	cornflowerblue
2:133018715:133018921:GEXP:MIR663B	21:15456204:15456364:	cornflowerblue
2:133018715:133019261:GEXP:MIR663B	17:45266584:45266656:	cornflowerblue
2:133019877:133020329:GEXP:CDC27P1	17:45221297:45221337:	cornflowerblue
2:133019923:133020342:GEXP:CDC27P1	17:45221251:45221299:	cornflowerblue
2:133020451:133020816:GEXP:CDC27P1	17:45214728:45214913:	cornflowerblue
2:133022361:133022722:GEXP:CDC27P1	17:45212849:45213166:	cornflowerblue
2:133023838:133024305:GEXP:CDC27P1	7:96620089:96620124:	cornflowerblue
2:133023869:133024367:GEXP:CDC27P1	4:80273557:80273594:	cornflowerblue
2:133024918:133024929:	16:33955712:33955750:	gray
2:133025157:133025500:	9:33906079:33906134:	gray
2:133026666:133027049:	16:33952596:33952900:	gray
2:133026951:133027209:	4:80274735:80275104:	gray
2:133027185:133027316:	14:67511524:67511667:	gray
2:133027519:133027850:	4:80273769:80273778:	gray
2:133027523:133027560:	16:33955779:33955842:	gray
2:133028570:133028960:	17:33251748:33251786:	gray
2:133028666:133028785:	14:67511522:67511649:	gray
2:133029254:133029270:	16:33955664:33955793:	gray
2:133029302:133029366:	10:34302456:34302495:	gray
2:133029308:133029346:	16:33953658:33953946:	gray
2:133030686:133030813:	16:33955305:33955351:	gray
2:133030693:133030978:	16:33956031:33956398:	gray
2:133030718:133031028:	12:38448749:38448906:	gray
2:133030721:133030858:	12:34427277:34427326:	gray
2:133033154:133033660:	16:14580914:14580987:	gray
2:133033179:133033471:	16:14580939:14580982:	gray
2:133033280:133033655:	16:33949623:33949948:	gray
2:133033578:133033879:	X:136520402:136520606:GEXP:RAC1P4	cornflowerblue
2:133033864:133033925:	16:33949086:33949632:	gray
2:133035230:133035267:	6:119558632:119558670:	gray
2:133035697:133036027:	8:82754808:82754878:	gray
2:133036199:133036561:	8:82754752:82754803:	gray
2:133038396:133038671:	5:71146809:71146877:	gray
2:133038633:133038787:	5:71146741:71146941:	gray
2:133039236:133039447:	19:24184657:24185003:GEXP:RNA5-8SP4	cornflowerblue
2:133039236:133039488:	8:56755131:56755330:	gray
2:133084346:133084726:	19:44882534:44882574:	gray
2:133084555:133084845:	19:44881762:44881804:	gray
2:147347729:147347766:GEXP:PABPC1P2	14:88237612:88237658:	cornflowerblue
2:151879564:151879845:	6:115109873:115110260:	gray
2:153997622:153997998:	17:74377274:74377423:	gray
2:153997624:153998171:	17:74377419:74377566:	gray
2:162135049:162135320:	19:44917065:44917252:	gray
2:162136990:162137373:	21:9828359:9828417:GEXP:MIR3687	cornflowerblue
2:162138412:162138855:	21:9831182:9831254:GEXP:MIR3687	cornflowerblue
2:191402786:191402836:	X:108297831:108297923:GEXP:RNA28S5	cornflowerblue
2:194545044:194545472:	14:65447290:65447645:	gray
2:214171088:214171328:	6:31477849:31477899:	gray
2:223700908:223701188:	10:65542640:65542793:	gray
2:225020291:225020541:	X:92696682:92697094:	gray
2:225020555:225020814:	X:92696684:92697134:	gray
2:230045487:230045620:	19:24183912:24184177:GEXP:RNA5-8SP4	cornflowerblue
2:230045502:230045626:	5:71146837:71146942:	gray
2:230045682:230045720:	19:24184105:24184161:GEXP:RNA5-8SP4	cornflowerblue
2:231802158:231802521:	10:109799660:109799760:	gray
3:9341875:9342042:	9:137197889:137198067:	gray
3:46877151:46877483:	17:41401164:41401497:	gray
3:49441460:49441538:	10:17590500:17590603:	gray
3:49441527:49441744:	10:17589937:17590514:	gray
3:49441528:49441870:	7:135792200:135792372:	gray
3:49441626:49441873:	12:86120338:86120487:	gray
3:66335927:66336260:	X:97207981:97208263:	gray
3:70592061:70592245:	7:10253478:10253732:	gray
3:73159731:73160130:	17:41465888:41466236:	gray
3:73161142:73161281:	17:41464006:41464313:	gray
3:75679006:75679386:GEXP:MIR1324	10:135474086:135474167:GEXP:CLUHP5	red
3:75696291:75696778:	16:83715661:83715716:	gray
3:75699609:75699766:GEXP:AGGF1P3	10:135500846:135500964:GEXP:DUX4L15	red
3:75717595:75717944:GEXP:FRG2C	8:52732614:52733011:	cornflowerblue
3:75717619:75718079:GEXP:FRG2C	18:107197:107236:	cornflowerblue
3:75718171:75718209:GEXP:FRG2C	18:107056:107093:	cornflowerblue
3:75718339:75718459:GEXP:FRG2C	18:107546:107881:	cornflowerblue
3:75718384:75718421:GEXP:FRG2C	10:135501056:135501102:GEXP:DUX4L15	red
3:75718428:75718610:GEXP:FRG2C	18:108603:108918:	cornflowerblue
3:75718450:75718488:GEXP:FRG2C	18:108707:108865:	cornflowerblue
3:75718454:75718765:GEXP:FRG2C	10:135500867:135501097:GEXP:DUX4L15	red
3:75718478:75718616:GEXP:FRG2C	10:135501070:135501308:GEXP:DUX4L15	red
3:75718661:75718771:	18:111746:112184:	gray
3:75719016:75719323:	18:112542:112623:	gray
3:75721474:75721766:	9:68407741:68408046:GEXP:RNA5SP284	cornflowerblue
3:75743878:75744058:	11:51285930:51286167:	gray
3:75745252:75745731:	13:21816778:21817152:	gray
3:75983386:75983821:	19:33444266:33444576:	gray
3:75987013:75987406:	20:26211108:26211555:	gray
3:75992792:75993136:	20:26204613:26204920:	gray
3:84433262:84433405:	4:22148790:22148833:	gray
3:90321587:90321793:	7:61647758:61647814:	gray
3:90364919:90365071:	9:66824528:66824867:	gray
3:90391538:90391582:	19:27778998:27779041:	gray
3:90408513:90408556:	10:42529813:42529896:	gray
3:90444975:90445123:	7:61647750:61647798:	gray
3:90448146:90448243:	10:42531956:42531993:	gray
3:90454837:90454870:	18:18520292:18520595:	gray
3:90464365:90464410:	18:18512986:18513072:	gray
3:90466300:90466647:	9:66971205:66971251:	gray
3:90472840:90473196:	X:61841801:61841970:	gray
3:90473764:90473804:	18:18518446:18518484:	gray
3:90474935:90475118:	18:18520302:18520344:	gray
3:90474995:90475637:	18:18513287:18513326:	gray
3:90477481:90477518:	16:34022859:34023241:	gray
3:90497054:90497137:	18:18520262:18520299:	gray
3:90498763:90498866:	16:35279459:35279543:	gray
3:90498823:90498856:	10:42530250:42530287:	gray
3:90498823:90498866:	10:42398553:42398588:	gray
3:90498830:90498864:	7:61972723:61972758:	gray
3:90498944:90499074:	10:42401925:42402020:	gray
3:90499133:90499167:	18:18520293:18520596:	gray
3:111274085:111274523:	8:128533829:128534281:	gray
3:121298665:121298753:	17:73427350:73427767:	gray
3:134299269:134299446:	6:36913755:36914178:	gray
3:155027221:155027602:GEXP:PABPC1P10	8:101730326:101730603:	cornflowerblue
3:196625612:196625746:	16:46419888:46419916:	gray
3:196625622:196625732:	16:34182446:34182495:	gray
3:196625637:196625722:	7:61788958:61789006:	gray
3:196625639:196625745:	16:33893319:33893377:	gray
3:196625641:196625769:	22:16861808:16862020:	gray
3:196625645:196625746:	16:33884658:33884693:	gray
3:196625657:196625684:	7:61796280:61796313:	gray
3:196625660:196625713:	16:33897392:33897539:	gray
3:196625666:196625736:	16:34187521:34187763:	gray
3:196625673:196625718:	16:34183019:34183130:	gray
3:196625677:196625713:	16:46451760:46451797:	gray
3:196625678:196625735:	10:42395571:42395631:	gray
3:196625680:196625709:	7:61750739:61750774:	gray
3:196625682:196625725:	10:38881949:38882003:	gray
3:196625687:196625745:	16:33895783:33895831:	gray
3:196625689:196625748:	16:33892284:33892347:	gray
3:196625689:196625732:	7:61754729:61754761:	gray
3:196625690:196625738:	22:16858480:16858616:	gray
3:196625699:196625716:	7:61787460:61787485:	gray
3:196625702:196625746:	10:42383657:42383690:	gray
3:196625706:196625758:	16:34180599:34180923:	gray
3:196625707:196625768:	16:46388279:46388333:	gray
3:196625709:196625768:	7:61744169:61744186:	gray
3:196625710:196625739:	7:57548096:57548189:	gray
3:196625710:196625774:	10:42598336:42598453:	gray
3:196625711:196625745:	16:34190678:34190755:	gray
3:196625711:196625750:	7:61798010:61798229:	gray
3:196625714:196625796:	10:38882130:38882295:	gray
3:196625714:196625779:	7:57555644:57555683:	gray
3:196625715:196625798:	10:42384706:42385008:	gray
3:196625717:196625749:	16:46415596:46415648:	gray
3:196625718:196625821:	10:42394896:42394934:	gray
3:196625719:196625773:	10:42385852:42385899:	gray
3:196625724:196625814:	10:42597015:42597227:	gray
3:196625727:196625758:	16:34187471:34187610:	gray
3:196625728:196625839:	10:42396690:42396932:	gray
3:196625741:196625859:	10:42387899:42387947:	gray
3:196625783:196625930:	16:46386157:46386297:	gray
4:8501327:8501429:	16:33956031:33956329:	gray
4:18420310:18420621:	12:131712388:131712428:	gray
4:33834108:33834390:	13:63649022:63649424:	gray
4:33835175:33835601:	13:63637897:63638234:	gray
4:33849127:33849552:	20:26130245:26130293:	gray
4:68264294:68264496:	19:27739154:27739373:	gray
4:68264304:68264540:	10:42399328:42399370:	gray
4:68264307:68264661:	19:27737079:27737222:	gray
4:68264307:68264541:	10:42406644:42407173:	gray
4:68264308:68264365:	19:27732389:27732424:	gray
4:68264309:68264343:	11:55018618:55018657:	gray
4:68264309:68264557:	10:42530665:42530917:	gray
4:68264314:68264557:	12:34848406:34848442:	gray
4:68264315:68264337:	7:61969016:61969052:	gray
4:68264320:68264541:	6:58773657:58774017:	gray
4:68264331:68264367:	10:42527903:42527948:	gray
4:68264351:68264384:	5:49450639:49450680:	gray
4:68264352:68264660:	19:27735593:27735693:	gray
4:68264353:68264662:	7:61969022:61969543:	gray
4:68264379:68264525:	19:27733380:27733540:	gray
4:68264383:68264545:	9:66834805:66834840:	gray
4:68264403:68264540:	12:34841467:34841532:	gray
4:68264456:68264740:	10:42407565:42407893:	gray
4:68264463:68264596:	10:42527583:42527922:	gray
4:68264489:68264908:	10:42397981:42398159:	gray
4:68264503:68264540:	7:61976036:61976074:	gray
4:68264508:68264663:	12:34847206:34847261:	gray
4:68264509:68264908:	14:19054211:19054254:	gray
4:68264509:68264662:	10:42531270:42531422:	gray
4:68264509:68264908:	7:61242264:61242298:	gray
4:68264516:68264897:	10:42529195:42529508:	gray
4:68264526:68264648:	10:42402404:42402484:	gray
4:68264582:68264740:	10:42529626:42529694:	gray
4:68264623:68264659:	21:10756793:10756830:	gray
4:68264625:68264662:	12:34835171:34835207:	gray
4:68264625:68264662:	7:61981165:61981199:	gray
4:68264626:68264660:	10:42400429:42400670:	gray
4:68264627:68264660:	12:34848873:34848908:	gray
4:68264628:68264662:	19:27737617:27737959:	gray
4:68264628:68264661:	7:61982988:61983022:	gray
4:68264630:68264864:	19:28047650:28047833:	gray
4:68264630:68264908:	10:42409194:42409340:	gray
4:68264734:68264848:	7:61983886:61984188:	gray
4:68264840:68264875:	9:66834810:66835336:	gray
4:68264840:68264874:	7:61979022:61979064:	gray
4:68264873:68264908:	10:42531611:42531649:	gray
4:68264873:68264911:	10:42399520:42399693:	gray
4:68264875:68264909:	11:55018900:55018937:	gray
4:68265047:68265259:	10:42528071:42528106:	gray
4:68265048:68265261:	12:34833495:34833536:	gray
4:68265536:68265581:	7:61980903:61980937:	gray
4:68265550:68265925:	10:42406669:42406789:	gray
4:68265566:68265998:	19:27737608:27737646:	gray
4:68265578:68265693:	12:34850905:34850938:	gray
4:68265616:68265653:	10:42399359:42399397:	gray
4:68265620:68265658:	19:27740323:27740381:	gray
4:68265621:68265659:	10:42400525:42400561:	gray
4:68265650:68265926:	10:42403560:42403598:	gray
4:68265654:68266026:	10:42531148:42531676:	gray
4:68265673:68266144:	10:42529771:42529806:	gray
4:68265673:68265816:	19:27738258:27738575:	gray
4:68265680:68265779:	19:27737272:27737650:	gray
4:68265826:68266075:	19:27736292:27736331:	gray
4:68265933:68266335:	10:42527902:42527950:	gray
4:68265997:68266101:	10:42404934:42405543:	gray
4:68266022:68266060:	19:27738883:27738921:	gray
4:68266022:68266060:	10:42404427:42404465:	gray
4:68266190:68266625:	7:61979196:61979231:	gray
4:68266229:68266627:	10:42407152:42407173:	gray
4:68266310:68266625:	6:61912572:61912610:	gray
4:68266361:68266396:	10:42403150:42403191:	gray
4:68266365:68266403:	6:61913506:61913544:	gray
4:68266372:68266420:	12:34852380:34852813:	gray
4:68266388:68266630:	7:61983592:61983791:	gray
4:68266534:68266627:	10:42399329:42399372:	gray
4:68266536:68266623:	10:42398674:42398709:	gray
4:68266557:68266594:	10:42397950:42398186:	gray
4:68266561:68266793:	10:42530670:42530918:	gray
4:68266562:68266622:	10:42400153:42400228:	gray
4:68266562:68266598:	10:42402021:42402059:	gray
4:68266563:68266627:	19:27737882:27738293:	gray
4:68266564:68266628:	10:42529814:42530202:	gray
4:68266565:68266805:	19:27731811:27732160:	gray
4:68266575:68266982:	6:61912541:61912932:	gray
4:68266579:68266618:	5:49537840:49537873:	gray
4:68266579:68266617:	5:49517512:49517547:	gray
4:68266579:68266616:	19:27737597:27737635:	gray
4:68266579:68266616:	19:27732437:27732476:	gray
4:68266599:68266803:	10:42527928:42528114:	gray
4:68266609:68266646:	10:42532077:42532140:	gray
4:68266609:68266740:	19:27736763:27736910:	gray
4:68266613:68266644:	10:42527261:42527295:	gray
4:68266614:68266685:	X:61834254:61834291:	gray
4:68266614:68266685:	10:42408559:42408596:	gray
4:68266614:68266751:	7:61975553:61975793:	gray
4:68266616:68266774:	19:27735630:27736153:	gray
4:68266617:68266774:	10:42525869:42526029:	gray
4:68266617:68266776:	7:61982963:61983009:	gray
4:68266618:68266695:	11:55009336:55009373:	gray
4:68266619:68267212:	10:42532091:42532381:	gray
4:68266619:68266696:	10:42407180:42407398:	gray
4:68266619:68266911:	10:42401154:42401207:	gray
4:68266620:68266858:	10:42527887:42528106:	gray
4:68266620:68266683:	19:27736909:27736947:	gray
4:68266621:68266699:	10:42400648:42400875:	gray
4:68266623:68266660:	10:42404811:42404969:	gray
4:68266626:68266644:	19:27740269:27740304:	gray
4:68266638:68266750:	10:42399385:42399813:	gray
4:68266639:68266737:	19:27736221:27736504:	gray
4:68266639:68266751:	12:34847240:34847277:	gray
4:68266689:68267051:	19:27740562:27740864:	gray
4:68266694:68266857:	10:42406596:42406634:	gray
4:68266774:68267007:	10:42407708:42407936:	gray
4:70296691:70296728:	6:133594003:133594040:	gray
4:70296696:70296738:	19:36066733:36066783:	gray
4:70296741:70296828:	8:56755189:56755305:	gray
4:76807186:76807293:	X:108297831:108297940:GEXP:RNA28S5	cornflowerblue
4:80273535:80273605:	12:38445637:38445685:	gray
4:103370234:103370557:	13:53034576:53034698:	gray
4:109329903:109329961:	11:8839663:8840118:	gray
4:123407577:123407647:	6:160656492:160656835:	gray
4:170280993:170281427:	14:52667767:52668276:	gray
4:187971551:187971651:	7:24534473:24534518:	gray
4:190193781:190194128:	9:68418291:68418507:GEXP:MIR4477B	cornflowerblue
4:190194577:190194995:	9:68419627:68419766:GEXP:MIR4477B	cornflowerblue
4:190195578:190196113:	9:68420641:68420746:	gray
4:190197314:190197601:	9:68422708:68423285:	gray
4:190197329:190197510:	9:68423816:68423870:	gray
4:190200117:190200652:	9:68425910:68426026:	gray
4:190201033:190201453:	20:29653847:29654300:	gray
4:190470114:190470592:	9:67792646:67792917:GEXP:FAM27B	cornflowerblue
4:190684480:190684964:	19:6354798:6354866:	gray
4:190884919:190885197:	9:68427214:68427334:	gray
4:190892920:190893342:GEXP:MLLT10P2	9:68425906:68426180:	cornflowerblue
4:190895727:190896189:GEXP:MLLT10P2	20:29638768:29639062:GEXP:MLLT10P1	red
4:190910968:190911164:	6:26757210:26757438:	gray
4:190924072:190924396:	13:21816778:21817103:	gray
4:190942713:190943032:GEXP:DUX4L9	18:112542:112804:	cornflowerblue
4:190943600:190943638:GEXP:DUX4L9	10:135500747:135500786:GEXP:DUX4L15	red
4:190943619:190943653:GEXP:DUX4L9	18:107944:107982:	cornflowerblue
4:190988370:190988409:GEXP:DUX4L8	18:107403:107540:	cornflowerblue
5:15863:15943:	6:150715:151046:	gray
5:21573437:21573968:	6:57575917:57576298:	gray
5:32338434:32338642:	M:14842:14977:	gray
5:32338560:32338831:	M:12837:12954:	gray
5:32338816:32338958:	M:12726:12868:	gray
5:32370481:32370519:	10:98561480:98561526:	gray
5:37709719:37709844:	7:8663314:8663741:	gray
5:37709827:37709938:	7:8663395:8663781:	gray
5:46079943:46080058:	7:61917137:61917234:	gray
5:46301388:46301426:	18:18520314:18520357:	gray
5:46339227:46339363:	7:61542554:61542604:	gray
5:46341010:46341057:	18:18518130:18518392:	gray
5:46341032:46341397:	18:18515967:18515997:	gray
5:46359296:46359332:	18:18518638:18518891:	gray
5:46359603:46359660:	18:18520319:18520556:	gray
5:46361664:46361700:	9:66971139:66971175:	gray
5:46367295:46367558:	18:18520332:18520405:	gray
5:46397954:46398195:	18:18511070:18511105:	gray
5:49441413:49441447:	18:18520297:18520335:	gray
5:49472640:49472695:	7:61645972:61645981:	gray
5:49487052:49487085:	18:18519953:18519995:	gray
5:49534044:49534211:	8:46857478:46857547:	gray
5:49534086:49534446:	18:18512308:18512357:	gray
5:49550816:49550872:	8:43822312:43822549:	gray
5:71146735:71146941:	17:19355726:19355783:	gray
5:71146741:71146925:	19:24183943:24184164:GEXP:RNA5-8SP4	cornflowerblue
5:71146741:71146941:	6:120583537:120583620:	gray
5:71146943:71147145:	19:24183735:24183823:GEXP:RNA5-8SP4	cornflowerblue
5:75152949:75153111:	19:56966044:56966194:	gray
5:99388728:99388765:	X:192374:192431:	gray
5:122990994:122991369:	11:85195150:85195290:	gray
5:134371567:134371623:	7:27506282:27506741:GEXP:PSMC1P2	cornflowerblue
5:136950101:136950149:	6:119558691:119558813:	gray
5:141379474:141379512:	10:101596774:101596810:	gray
5:141456960:141457037:	13:82367697:82368202:	gray
5:154275286:154275452:	17:45633457:45633738:	gray
5:155188736:155188842:	10:45315748:45315808:	gray
5:159349733:159350065:	X:66982740:66983087:	gray
5:174541822:174541892:	12:20704491:20704625:	gray
5:178253568:178253990:	8:48085646:48085693:	gray
5:180694170:180694219:	9:68418738:68418830:GEXP:MIR4477B	cornflowerblue
6:382461:382819:	16:33428528:33428908:	gray
6:3222217:3222283:	7:158387945:158387980:GEXP:MIR5707	cornflowerblue
6:24683887:24684114:	22:32927946:32928230:	gray
6:24683987:24684452:	22:32928560:32928908:	gray
6:27162703:27162980:	17:41400984:41401138:	gray
6:43655533:43655654:	9:33130548:33130948:	gray
6:57392227:57392284:	19:9737495:9737544:	gray
6:58773982:58774017:	10:42532159:42532196:	gray
6:58773983:58774017:	10:42530222:42530640:	gray
6:58774021:58774369:	19:27732533:27732567:	gray
6:58774023:58774384:	19:27739253:27739372:	gray
6:58775963:58776300:	11:54951505:54951541:	gray
6:58777371:58777409:	19:27732732:27732767:	gray
6:61899049:61899083:	18:18518166:18518253:	gray
6:61912541:61912928:	19:27737610:27737646:	gray
6:62189177:62189234:	17:41401198:41401579:	gray
6:66619380:66619679:	15:49489615:49489649:	gray
6:68100108:68100444:	14:19037092:19037229:	gray
6:88217546:88217920:	20:52021643:52021855:	gray
6:88217550:88217966:	20:52021437:52021635:	gray
6:113722729:113723039:	14:25434552:25435040:	gray
6:113723082:113723437:	14:25434550:25434929:	gray
6:119558582:119558649:	8:82754748:82754791:	gray
6:119558621:119558666:	17:31149878:31149971:	gray
6:119558635:119558710:	8:82754803:82754949:	gray
6:119558697:119558788:	10:35310407:35310461:	gray
6:119558700:119558831:	8:68889028:68889067:	gray
6:123171431:123171569:	15:70839565:70839832:	gray
6:132468135:132468360:	8:116410889:116411202:	gray
6:133593954:133594114:	19:24184638:24184998:GEXP:RNA5-8SP4	cornflowerblue
6:133593961:133594118:	8:56755102:56755330:	gray
6:154216091:154216415:	15:47382761:47382968:	gray
6:154216091:154216391:	20:25888637:25889044:	gray
6:168285594:168285785:	14:27117701:27117950:	gray
7:19853653:19854082:	9:12462694:12462739:	gray
7:23760808:23761320:GEXP:PCMTD1P3	8:52733175:52733400:	cornflowerblue
7:26246005:26246063:	15:40854265:40854425:	gray
7:26252903:26253204:	15:40854183:40854485:	gray
7:52789452:52789795:	11:30987076:30987129:	gray
7:57545863:57545901:	16:33898716:33898860:	gray
7:57547136:57547178:	16:33887663:33887765:	gray
7:57606289:57606582:	13:63637902:63638323:	gray
7:57712325:57712583:	17:21303089:21303443:	gray
7:57949640:57949821:	16:34022769:34022828:	gray
7:57999276:57999690:	18:18520293:18520425:	gray
7:58047119:58047514:	18:18520295:18520342:	gray
7:61079260:61079450:	20:26319420:26319448:	gray
7:61079491:61079528:	18:18518139:18518174:	gray
7:61079493:61079528:	9:66971213:66971251:	gray
7:61079693:61079877:	18:18520334:18520371:	gray
7:61079696:61080098:	18:18520297:18520683:	gray
7:61083694:61083985:	18:18518256:18518483:	gray
7:61089301:61089337:	18:18520285:18520322:	gray
7:61542566:61542604:	18:18519073:18519332:	gray
7:61648804:61649328:	X:61728686:61728725:	gray
7:61758767:61758841:	16:46385902:46385960:	gray
7:61891492:61891715:	16:32543154:32543228:	gray
7:61969033:61969066:	19:27739200:27739242:	gray
7:61971114:61971526:	10:42529782:42529946:	gray
7:61973183:61973337:	10:42404446:42404503:	gray
7:61973196:61973229:	10:42399815:42399853:	gray
7:61973450:61973789:	19:27731831:27732043:	gray
7:61976998:61977134:	19:27731842:27732152:	gray
7:61977024:61977307:	10:42404511:42404610:	gray
7:61977925:61977963:	19:27732051:27732085:	gray
7:61982989:61983022:	10:42530130:42530165:	gray
7:61985462:61985545:	18:18514990:18515132:	gray
7:61986269:61986321:	10:42532770:42532808:	gray
7:62006452:62006552:	16:34022755:34022800:	gray
7:62009682:62009840:	20:26314341:26314420:	gray
7:62015666:62015990:	18:18520307:18520355:	gray
7:62017640:62018034:	18:18518129:18518175:	gray
7:62017663:62017695:	18:18520291:18520841:	gray
7:62070089:62070289:	21:10702208:10702302:	gray
7:64064089:64064129:	18:108275:108477:	gray
7:64731635:64732325:	19:23458634:23458796:	gray
7:64872990:64873403:	12:34399381:34399715:	gray
7:73382182:73382354:	22:37269010:37269455:	gray
7:80962916:80963145:	21:9827542:9827971:GEXP:MIR3687	cornflowerblue
7:92857528:92857576:	10:68803833:68804069:	gray
7:111053152:111053539:	12:108203264:108203762:	gray
7:111053754:111054190:	12:108203260:108203696:	gray
7:125264071:125264280:	12:74014402:74014497:	gray
7:125264206:125264592:	12:74014507:74014628:	gray
7:127930427:127930855:	16:76865791:76866232:	gray
7:133080763:133081259:	8:129065736:129066215:GEXP:MIR1207	cornflowerblue
7:142486396:142486810:GEXP:WBP1LP1	9:33803239:33803383:	cornflowerblue
7:146035940:146036015:	18:61298223:61298258:	gray
7:152099153:152099613:	21:11097507:11097545:	gray
7:152104557:152105032:	21:11079878:11080057:	gray
7:158387928:158388013:GEXP:MIR5707	22:42720233:42720355:	cornflowerblue
7:158387979:158388032:GEXP:MIR5707	10:105011069:105011257:	cornflowerblue
7:158387979:158388030:GEXP:MIR5707	21:40851233:40851275:	cornflowerblue
7:158387979:158388032:GEXP:MIR5707	9:134839704:134839779:	cornflowerblue
7:158387979:158388085:GEXP:MIR5707	17:39754908:39754945:	cornflowerblue
8:15289364:15289802:	13:74314056:74314257:	gray
8:15289366:15289765:	13:74313861:74314058:	gray
8:20479598:20479672:	21:43251199:43251267:	gray
8:30145401:30145607:	17:7167959:7168417:GEXP:CLDN7	cornflowerblue
8:30145604:30145812:	17:7167917:7168158:GEXP:CLDN7	cornflowerblue
8:43768407:43768443:	18:18518753:18518987:	gray
8:43769618:43769676:	18:18520296:18520674:	gray
8:43777218:43777518:	18:18518247:18518282:	gray
8:43785867:43785905:	18:18520303:18520451:	gray
8:43794637:43794675:	18:18518446:18518483:	gray
8:43794747:43794888:	18:18520262:18520450:	gray
8:43819080:43819116:	19:27739369:27739406:	gray
8:43821971:43822146:	18:18516188:18516234:	gray
8:43822052:43822145:	X:61845999:61846084:	gray
8:43822112:43822146:	18:18518122:18518484:	gray
8:43822113:43822563:	18:18519986:18520025:	gray
8:43822125:43822291:	18:18519955:18519994:	gray
8:43822165:43822254:	18:18512844:18513069:	gray
8:43822165:43822225:	9:66833040:66833128:	gray
8:43822179:43822282:	18:18516412:18516596:	gray
8:43822298:43822520:	9:66833458:66833527:	gray
8:43822298:43822519:	18:18516873:18517152:	gray
8:43822448:43822820:	18:18512272:18512307:	gray
8:43822626:43822661:	18:18518122:18518160:	gray
8:43824415:43824441:	18:18520328:18520520:	gray
8:43824678:43824967:	14:19019135:19019182:	gray
8:43825838:43825885:	18:18518664:18518771:	gray
8:43825848:43825883:	18:18519986:18520025:	gray
8:43825868:43825905:	18:18518827:18518925:	gray
8:43825877:43825925:	9:66971237:66971274:	gray
8:43826110:43826390:	9:66835744:66835768:	gray
8:43826114:43826399:	12:38038145:38038184:	gray
8:43826114:43826398:	20:26309696:26309735:	gray
8:43826123:43826412:	11:48898102:48898278:	gray
8:43830710:43830910:	14:19004545:19004572:	gray
8:46845439:46845476:	9:66971350:66971578:	gray
8:46845454:46845504:	18:18512552:18512815:	gray
8:46857425:46857462:	9:66971208:66971491:	gray
8:46857427:46857462:	18:18518898:18519081:	gray
8:46857467:46857525:	18:18511067:18511466:	gray
8:46857478:46857550:	18:18516759:18517138:	gray
8:46857730:46858052:	18:18516144:18516190:	gray
8:46882111:46882562:	18:18511089:18511145:	gray
8:46882521:46882563:	18:18518119:18518177:	gray
8:46882804:46883055:	18:18516216:18516288:	gray
8:46882840:46883167:	18:18516936:18517029:	gray
8:46902121:46902168:	18:18518103:18518148:	gray
8:46947841:46948160:	16:33961092:33961224:GEXP:RNA5-8SP2	cornflowerblue
8:46948158:46948510:	17:45259008:45259091:	gray
8:46948158:46948510:	17:45266660:45266810:	gray
8:52730159:52730570:	11:38812658:38812989:	gray
8:52731482:52731949:	11:38812661:38813131:	gray
8:56755032:56755305:	19:36066505:36066661:	gray
8:56755032:56755306:	16:47539111:47539263:GEXP:RNA5SP425	cornflowerblue
8:94666518:94666976:	19:9277874:9278072:	gray
8:96265721:96265934:	19:18835612:18835956:	gray
8:108464821:108464904:	9:68423812:68424126:	gray
8:134972305:134972582:	18:57070978:57071176:	gray
8:146301190:146301341:	17:81194957:81195007:	gray
9:3054676:3054743:	16:33951568:33952055:	gray
9:33906104:33906135:	16:33957521:33957947:GEXP:LINC00273	cornflowerblue
9:38244069:38244533:	15:63770031:63770382:	gray
9:42819128:42819175:	18:18520265:18520324:	gray
9:66454770:66454827:GEXP:RNA5SP283	16:33937036:33937409:GEXP:PCMTD1P2	red
9:66821053:66821090:	18:18520297:18520339:	gray
9:66821785:66821928:	16:34022773:34022976:	gray
9:66821923:66822052:	18:18520289:18520332:	gray
9:66823505:66823542:	18:18518135:18518483:	gray
9:66823528:66823581:	18:18520287:18520400:	gray
9:66824576:66824612:	18:18519990:18520025:	gray
9:66825057:66825332:	18:18512308:18512361:	gray
9:66825339:66825377:	18:18519778:18519815:	gray
9:66833031:66833198:	X:61821679:61821716:	gray
9:66833348:66833616:	18:18520298:18520676:	gray
9:66833480:66833702:	18:18519048:18519105:	gray
9:66833618:66833706:	18:18517714:18517751:	gray
9:66833973:66834281:	11:50762850:50762891:	gray
9:66834104:66834212:	18:18520293:18520331:	gray
9:66835134:66835352:	18:18520261:18520298:	gray
9:66835418:66835781:	18:18520311:18520364:	gray
9:66835500:66835561:	18:18511070:18511107:	gray
9:66835533:66835658:	18:18518125:18518431:	gray
9:66835755:66835791:	18:18520292:18520601:	gray
9:66971072:66971250:	18:18520334:18520682:	gray
9:66971127:66971244:	18:18518762:18518954:	gray
9:66971130:66971172:	16:34022559:34022697:	gray
9:66971131:66971172:	X:58561537:58561579:	gray
9:66971142:66971176:	11:55008296:55008331:	gray
9:66971145:66971247:	14:19004518:19004895:	gray
9:66971151:66971250:	18:18513037:18513421:	gray
9:66971172:66971208:	14:19012562:19012597:	gray
9:66971184:66971248:	16:34022753:34022801:	gray
9:66971212:66971251:	18:18514984:18515066:	gray
9:66971214:66971247:	X:61848715:61849216:	gray
9:66971214:66971247:	20:26305492:26305529:	gray
9:66971214:66971303:	18:18517721:18518164:	gray
9:66971226:66971247:	18:18519224:18519481:	gray
9:66971482:66971601:	11:55026447:55026644:	gray
9:66971499:66971870:	18:18518131:18518302:	gray
9:66972276:66972464:	16:34022748:34022915:	gray
9:66972508:66972811:	X:61848714:61848768:	gray
9:66972778:66973235:	18:18520301:18520613:	gray
9:67320887:67320954:	18:18520293:18520356:	gray
9:68414158:68414552:GEXP:MIR4477B	16:33944957:33945127:GEXP:PCMTD1P2	red
9:68414945:68415196:GEXP:MIR4477B	16:33944930:33944978:GEXP:PCMTD1P2	red
9:68415871:68416277:GEXP:MIR4477B	16:33946505:33946558:GEXP:PCMTD1P2	red
9:68418647:68418736:GEXP:MIR4477B	14:78101734:78101990:	cornflowerblue
9:68418674:68418867:GEXP:MIR4477B	11:62136046:62136082:GEXP:RCC2P6	red
9:68418728:68418835:GEXP:MIR4477B	10:135354720:135354769:	cornflowerblue
9:68418844:68419006:GEXP:MIR4477B	18:64744019:64744311:GEXP:MIR5011	red
9:68425906:68426067:	20:29635892:29636202:GEXP:MLLT10P1	cornflowerblue
9:92678929:92678965:	14:92905415:92905460:	gray
9:127885509:127885687:	18:71711514:71711878:	gray
9:132159197:132159372:	22:23893102:23893132:	gray
9:132172543:132172944:	22:28121512:28121655:	gray
9:132186776:132187140:	22:23852658:23852983:	gray
9:132187570:132187850:	16:10924342:10924605:	gray
9:140405656:140405864:	17:41401098:41401449:	gray
9:140420302:140420651:	17:41401166:41401365:	gray
10:17590416:17590485:	12:86120381:86120459:	gray
10:38779119:38779324:	13:20370490:20370636:	gray
10:42355595:42355608:	21:10801344:10801361:	gray
10:42397980:42398219:	19:27733531:27733685:	gray
10:42398357:42398588:	19:27738732:27738775:	gray
10:42398697:42398736:	19:27737966:27738003:	gray
10:42398727:42399107:	19:27737614:27737654:	gray
10:42399378:42399415:	19:27733944:27733978:	gray
10:42399502:42399670:	19:27731918:27732176:	gray
10:42399719:42399752:	19:27737505:27737543:	gray
10:42399860:42400253:	19:27733503:27733539:	gray
10:42400178:42400231:	19:27738299:27738336:	gray
10:42400569:42400616:	19:27732118:27732181:	gray
10:42401828:42402047:	19:27739319:27739712:	gray
10:42401974:42402013:	19:27733883:27733920:	gray
10:42401987:42402137:	12:34841633:34841748:	gray
10:42401989:42402043:	19:27738891:27739368:	gray
10:42402039:42402094:	19:27739641:27739679:	gray
10:42404020:42404058:	19:27736193:27736231:	gray
10:42404445:42404494:	19:27737219:27737252:	gray
10:42404882:42405375:	16:35279509:35279543:	gray
10:42404934:42405334:	19:27739803:27739846:	gray
10:42404953:42404991:	19:27732127:27732164:	gray
10:42407488:42407523:	19:27732120:27732221:	gray
10:42407564:42407600:	19:27739194:27739231:	gray
10:42407569:42407953:	19:27733540:27733578:	gray
10:42418016:42418183:	11:51572161:51572203:	gray
10:42444001:42444292:	21:10702196:10702447:	gray
10:42527276:42527326:	19:27731932:27732023:	gray
10:42527550:42527584:	19:27733409:27733497:	gray
10:42528271:42528308:	19:27732122:27732157:	gray
10:42529194:42529255:	16:34022896:34022933:	gray
10:42529233:42529347:	19:27735419:27735693:	gray
10:42529312:42529457:	19:27731933:27732163:	gray
10:42529587:42529623:	19:27739621:27739655:	gray
10:42529613:42529806:	19:27901773:27901820:	gray
10:42529614:42529766:	19:27733192:27733539:	gray
10:42529618:42529821:	12:38051918:38051968:	gray
10:42529647:42529684:	19:27732687:27732875:	gray
10:42529936:42529978:	X:58319869:58319907:	gray
10:42530327:42530697:	19:27732119:27732156:	gray
10:42530544:42530641:	19:27734179:27734213:	gray
10:42530552:42531215:	19:27736746:27736829:	gray
10:42530553:42530588:	19:27738736:27738784:	gray
10:42530631:42530666:	19:27736515:27736549:	gray
10:42531626:42531663:	19:27737646:27737683:	gray
10:42531781:42531814:	12:34833492:34833530:	gray
10:42531893:42531928:	19:27738726:27738763:	gray
10:42531942:42532026:	19:27734198:27734545:	gray
10:42531954:42532052:	19:27736587:27736730:	gray
10:42531959:42532087:	19:27736288:27736335:	gray
10:42531962:42532014:	11:48866857:48866899:	gray
10:42531963:42532000:	14:19004038:19004179:	gray
10:42531963:42532001:	19:27732977:27733015:	gray
10:42532003:42532036:	19:27732131:27732164:	gray
10:42532223:42532260:	12:38051908:38051948:	gray
10:42532579:42532613:	19:27738633:27738669:	gray
10:42544640:42544685:	19:27731995:27732090:	gray
10:42818301:42818524:	19:27736711:27736783:	gray
10:74767301:74767708:	17:32673134:32673188:	gray
10:74767516:74767717:	17:32673478:32673879:	gray
10:79868400:79868511:	12:52662945:52663284:	gray
10:96852133:96852523:	X:30790750:30790979:	gray
10:98561417:98561543:	16:33955221:33955697:	gray
10:98561428:98561554:	14:21285279:21285326:	gray
10:98561545:98561741:	12:82145357:82145404:	gray
10:98901537:98901673:	14:88237608:88237820:	gray
10:101587731:101588054:	22:24606867:24606981:	gray
10:127574452:127574951:	13:20371640:20372026:	gray
10:127592290:127592576:	21:11054622:11054910:	gray
10:135499270:135499507:GEXP:DUX4L15	18:107916:107979:	cornflowerblue
10:135499404:135499516:GEXP:DUX4L15	18:105836:106238:	cornflowerblue
10:135499476:135499511:GEXP:DUX4L15	18:109012:109289:	cornflowerblue
10:135499479:135499952:GEXP:DUX4L15	18:107915:108552:	cornflowerblue
10:135499538:135499896:GEXP:DUX4L15	18:108423:108805:	cornflowerblue
10:135499740:135499952:GEXP:DUX4L15	18:109308:109695:	cornflowerblue
10:135499744:135499984:GEXP:DUX4L15	18:108698:109146:	cornflowerblue
10:135499886:135500297:GEXP:DUX4L15	18:108156:108515:	cornflowerblue
10:135499907:135500503:GEXP:DUX4L15	18:108779:109316:	cornflowerblue
10:135499929:135500233:GEXP:DUX4L15	18:109689:110396:	cornflowerblue
10:135499945:135500293:GEXP:DUX4L15	18:108919:109332:	cornflowerblue
10:135499971:135500133:GEXP:DUX4L15	18:109458:109597:	cornflowerblue
10:135500154:135500532:GEXP:DUX4L15	18:111495:111555:	cornflowerblue
10:135500239:135500335:GEXP:DUX4L15	18:106822:107059:	cornflowerblue
10:135500420:135500724:GEXP:DUX4L15	18:108217:108733:	cornflowerblue
10:135500506:135500809:GEXP:DUX4L15	18:108538:109017:	cornflowerblue
10:135500565:135500668:GEXP:DUX4L15	18:111315:111466:	cornflowerblue
10:135500613:135500950:GEXP:DUX4L15	18:108713:108913:	cornflowerblue
10:135500643:135500900:GEXP:DUX4L15	18:107905:108254:	cornflowerblue
10:135500685:135500931:GEXP:DUX4L15	18:111180:111352:	cornflowerblue
10:135500762:135501094:GEXP:DUX4L15	18:111332:111815:	cornflowerblue
10:135500833:135500880:GEXP:DUX4L15	X:29270580:29270683:	cornflowerblue
10:135500837:135501302:GEXP:DUX4L15	18:108155:108581:	cornflowerblue
10:135500847:135501116:GEXP:DUX4L15	18:111420:111636:	cornflowerblue
10:135500851:135501085:GEXP:DUX4L15	18:109622:110056:	cornflowerblue
10:135500851:135500971:GEXP:DUX4L15	18:107531:107844:	cornflowerblue
10:135500853:135501213:GEXP:DUX4L15	18:108782:109332:	cornflowerblue
10:135500861:135501102:GEXP:DUX4L15	18:110868:111081:	cornflowerblue
10:135500867:135500909:GEXP:DUX4L15	18:110361:110704:	cornflowerblue
10:135500905:135500953:GEXP:DUX4L15	18:107442:107856:	cornflowerblue
10:135500913:135500947:GEXP:DUX4L15	18:106201:106236:	cornflowerblue
10:135500918:135501205:GEXP:DUX4L15	18:109679:110077:	cornflowerblue
10:135500937:135501498:GEXP:DUX4L15	18:109312:109650:	cornflowerblue
10:135501069:135501196:GEXP:DUX4L15	18:107032:107258:	cornflowerblue
10:135501077:135501275:GEXP:DUX4L15	18:110582:110825:	cornflowerblue
10:135501099:135501207:GEXP:DUX4L15	18:109084:109717:	cornflowerblue
10:135501103:135501345:GEXP:DUX4L15	18:108240:108443:	cornflowerblue
10:135501104:135501557:GEXP:DUX4L15	18:108904:109377:	cornflowerblue
10:135501253:135501451:GEXP:DUX4L15	18:108216:108519:	cornflowerblue
10:135501322:135501616:GEXP:DUX4L15	18:111559:111805:	cornflowerblue
10:135501471:135501794:GEXP:DUX4L15	12:17250806:17250974:	cornflowerblue
10:135501589:135501798:GEXP:DUX4L15	18:109102:109318:	cornflowerblue
10:135501618:135501656:GEXP:DUX4L15	18:108476:108514:	cornflowerblue
10:135501669:135501757:GEXP:DUX4L15	18:108220:108254:	cornflowerblue
10:135501703:135501738:GEXP:DUX4L15	12:17250764:17250800:	cornflowerblue
10:135501736:135501874:GEXP:DUX4L15	18:109311:109384:	cornflowerblue
10:135501807:135501841:GEXP:DUX4L15	18:108318:108381:	cornflowerblue
10:135501884:135501958:GEXP:DUX4L15	18:111260:111339:	cornflowerblue
10:135502059:135502368:	18:108196:108526:	gray
10:135502369:135502606:	18:108437:108500:	gray
10:135502490:135502525:	18:108480:108527:	gray
11:1162731:1162789:	14:104910576:104910668:	gray
11:2103807:2104118:	19:52175925:52176304:	gray
11:16910492:16910556:	16:33924639:33925035:	gray
11:20569557:20569708:	19:24011300:24011534:	gray
11:45848297:45848363:	16:33963750:33964169:GEXP:RNA5-8SP2	cornflowerblue
11:48765487:48765521:	18:18520288:18520346:	gray
11:48804122:48804159:	X:61765713:61765858:	gray
11:48804128:48804162:	18:18520327:18520395:	gray
11:48810293:48810338:	18:18520022:18520059:	gray
11:48814388:48814513:	15:20005727:20005792:	gray
11:48817379:48817669:	12:38008611:38008652:	gray
11:48846529:48846631:	18:18520292:18520509:	gray
11:48862888:48863225:	X:58561378:58561448:	gray
11:48891802:48891960:	18:18515782:18516007:	gray
11:48936217:48936251:	18:18520332:18520659:	gray
11:48936239:48936276:	18:18518126:18518177:	gray
11:50408116:50408152:	19:27739176:27739633:	gray
11:50695425:50695461:	18:18520213:18520251:	gray
11:50734354:50734393:	18:18520136:18520247:	gray
11:50760025:50760061:	18:18520300:18520504:	gray
11:50762727:50762891:	18:18517608:18517657:	gray
11:50762815:50762895:	18:18520268:18520308:	gray
11:50762849:50762895:	18:18519141:18519404:	gray
11:50762892:50762945:	18:18520322:18520671:	gray
11:50763821:50763866:	18:18518102:18518175:	gray
11:50770003:50770255:	18:18520293:18520490:	gray
11:50783507:50783628:	18:18520330:18520563:	gray
11:51567403:51567540:	X:58561354:58561437:	gray
11:51569821:51569964:	X:58561387:58561447:	gray
11:51572330:51572601:	X:58561354:58561438:	gray
11:51573218:51573725:	X:58561382:58561500:	gray
11:51579667:51580019:	X:61839332:61839379:	gray
11:51580964:51581047:	X:58560993:58561438:	gray
11:51581261:51581591:	X:61839432:61839579:	gray
11:51591590:51591922:	X:61839341:61839399:	gray
11:51591673:51592043:	20:26316588:26316623:	gray
11:51593460:51593896:	X:58561380:58561437:	gray
11:54958568:54958815:	21:10702178:10702319:	gray
11:54958733:54958815:	19:27881767:27881820:	gray
11:54993367:54993403:	18:18520333:18520379:	gray
11:54997414:54997451:	18:18520021:18520058:	gray
11:55017439:55017476:	18:18518124:18518169:	gray
11:61841813:61841991:	14:81786773:81787252:	gray
11:62609227:62609339:GEXP:RNU2-2	17:41465674:41465914:	cornflowerblue
11:67427213:67427260:	17:41401198:41401493:	gray
11:68877961:68878288:	20:36823038:36823216:	gray
11:69139868:69139967:	12:104779434:104779498:	gray
11:85195010:85195288:	17:33478112:33478357:	gray
11:85195010:85195284:	22:21265503:21265596:	gray
12:17250791:17250899:	18:108887:109028:	gray
12:17250808:17250984:	18:107137:107561:	gray
12:17250818:17250972:	18:106735:107103:	gray
12:17250827:17250969:	18:108137:108538:	gray
12:20704357:20704491:	16:33963781:33964251:GEXP:RNA5-8SP2	cornflowerblue
12:20704505:20704649:	16:33963925:33964301:GEXP:RNA5-8SP2	cornflowerblue
12:34323251:34323574:	X:130495313:130495349:	gray
12:34362526:34362564:	18:107925:107963:	gray
12:34363423:34363728:	18:106891:106978:	gray
12:34363428:34363737:	18:107194:107569:	gray
12:34367372:34367761:	14:88237774:88237977:	gray
12:34372683:34372741:	X:108297831:108297948:GEXP:RNA28S5	cornflowerblue
12:34399629:34400151:	19:28321930:28322092:	gray
12:34430012:34430067:	16:33961227:33961358:GEXP:RNA5-8SP2	cornflowerblue
12:34430693:34431009:	14:88237821:88238073:	gray
12:34430796:34431007:	14:88237720:88237820:	gray
12:34833497:34833535:	19:27731976:27732091:	gray
12:34833500:34833537:	19:27737730:27737769:	gray
12:34834383:34834419:	19:27735739:27735777:	gray
12:34837785:34837828:	19:27733464:27733538:	gray
12:34838658:34838701:	19:27739100:27739314:	gray
12:34846369:34846423:	19:27731993:27732181:	gray
12:34846381:34846422:	20:26318875:26318881:	gray
12:34846947:34846983:	19:27738136:27738174:	gray
12:34846948:34846986:	19:27737309:27737345:	gray
12:37989914:37990236:	18:18511252:18511472:	gray
12:37990190:37990236:	18:18518128:18518169:	gray
12:37991669:37991705:	18:18518150:18518187:	gray
12:37991769:37991905:	18:18511059:18511152:	gray
12:37995764:37995929:	X:58561263:58561437:	gray
12:38014054:38014352:	18:18515854:18515994:	gray
12:38029004:38029142:	18:18520313:18520370:	gray
12:38029012:38029498:	16:34022615:34023022:	gray
12:38029128:38029240:	18:18518144:18518200:	gray
12:38030892:38030930:	18:18519879:18519916:	gray
12:38119919:38119954:	18:18518954:18519181:	gray
12:38119955:38119992:	18:18520293:18520490:	gray
12:38124888:38124939:	X:61836545:61836655:	gray
12:38248951:38248984:	18:18520042:18520080:	gray
12:38444106:38444167:	17:45259006:45259061:	gray
12:38444640:38444833:	17:45212849:45212964:	gray
12:38448768:38448903:	16:33952557:33952900:	gray
12:38502934:38502971:	19:28329177:28329218:	gray
12:38536637:38536905:	13:28033699:28034047:	gray
12:38536907:38537304:	14:88237731:88237894:	gray
12:38581473:38581744:	13:21816778:21817017:	gray
12:56989719:56990096:	15:39994637:39995207:	gray
12:56990096:56990475:	15:39994624:39994942:	gray
12:58217485:58217922:GEXP:MIR26A2	15:38751047:38751103:	cornflowerblue
12:58220563:58220864:GEXP:MIR26A2	15:38751166:38751279:	cornflowerblue
12:58469526:58470028:	X:76361939:76361991:	gray
12:107675514:107675742:	13:32328068:32328311:	gray
12:127650624:127650662:	17:31149438:31149486:	gray
12:133343937:133344041:	17:45213842:45214099:	gray
12:133344200:133344423:	16:33960991:33961215:GEXP:RNA5-8SP2	cornflowerblue
12:133344200:133344409:	17:45213859:45214092:	gray
13:20370444:20370694:	20:29822335:29822525:	gray
13:28033699:28033986:	14:88237829:88238091:	gray
13:28033699:28033986:	21:15454956:15455135:	gray
13:63621050:63621587:	17:21666765:21667014:	gray
13:63621977:63622329:	17:21670293:21670619:	gray
13:63637910:63638169:	20:26148268:26148507:	gray
13:63649022:63649392:	20:26149746:26150121:	gray
13:92918943:92918981:	15:23707513:23707621:	gray
13:105798340:105798800:	15:90328231:90328340:	gray
13:105798356:105798727:	15:90328125:90328232:	gray
14:19000587:19000934:	18:18516991:18517398:	gray
14:19000823:19000978:	18:18513032:18513070:	gray
14:19000881:19000917:	18:18518758:18518796:	gray
14:19000941:19000979:	18:18519849:18519886:	gray
14:19004076:19004447:	18:18517432:18517613:	gray
14:19004138:19004185:	18:18518482:18518520:	gray
14:19004148:19004224:	18:18520294:18520588:	gray
14:19005305:19005443:	18:18513306:18513381:	gray
14:19012567:19012960:	18:18520329:18520567:	gray
14:19012855:19012961:	18:18514955:18515009:	gray
14:19016780:19016815:	18:18520292:18520599:	gray
14:37769602:37769986:	16:61079285:61079385:	gray
14:88237608:88237807:	X:1328164:1328201:	gray
14:88237613:88237803:	X:79238849:79238906:	gray
14:88237618:88237770:	X:52933266:52933319:	gray
14:88237829:88238081:	21:15454800:15454958:	gray
14:106484225:106484684:	15:22486809:22487210:GEXP:IGHV1OR15-4	cornflowerblue
14:106636718:106637088:GEXP:SLC20A1P2	15:20173166:20173564:	cornflowerblue
14:106771781:106772390:GEXP:IGHV7-27	15:22491248:22491517:	cornflowerblue
15:20033908:20033935:	18:18517599:18517924:	gray
15:20038122:20038161:	16:34022752:34022833:	gray
15:71163293:71163409:	20:3381133:3381526:	gray
16:10924342:10924613:	22:23852668:23852905:	gray
16:14580983:14581079:	X:136520399:136520551:GEXP:RAC1P4	cornflowerblue
16:33573287:33573511:	19:33444599:33444835:	gray
16:33865232:33865289:	18:107710:107795:	gray
16:33865252:33865290:	18:107213:107247:	gray
16:33888550:33888587:	17:25267929:25267967:	gray
16:33898719:33898765:	21:10084940:10085078:	gray
16:33898752:33898875:	18:44126481:44126718:	gray
16:33902221:33902252:	18:44126352:44126391:	gray
16:33904745:33904779:	18:18520027:18520064:	gray
16:33916466:33916502:	18:18520298:18520335:	gray
16:33949324:33949618:	X:136520402:136520606:GEXP:RAC1P4	cornflowerblue
16:33950186:33950291:	X:136520405:136520450:GEXP:RAC1P4	cornflowerblue
16:33950740:33951170:	21:29741301:29741350:	gray
16:33952943:33953423:	X:19496131:19496175:	gray
16:33953191:33953238:	19:3366443:3366503:	gray
16:33955734:33955797:	19:51003458:51003579:	gray
16:33960977:33961545:GEXP:RNA5-8SP2	17:45213802:45214008:	cornflowerblue
16:33961080:33961150:GEXP:RNA5-8SP2	17:45266660:45266788:	cornflowerblue
16:33963046:33963500:GEXP:RNA5-8SP2	21:9827552:9828051:GEXP:MIR3687	red
16:33973912:33974192:	21:10701860:10702056:	gray
16:33974617:33975066:	21:10702220:10702426:	gray
16:34021566:34021601:	18:18520330:18520373:	gray
16:34022237:34022684:	18:18520134:18520172:	gray
16:34022319:34022430:	X:61841934:61841977:	gray
16:34022557:34022606:	18:18520304:18520332:	gray
16:34022751:34022831:	18:18520334:18520437:	gray
16:34022831:34022982:	18:18513020:18513550:	gray
16:34023127:34023163:	18:18519957:18519996:	gray
16:35281035:35281073:	18:18520300:18520338:	gray
16:35283987:35284022:	18:18518991:18519449:	gray
16:47539269:47539838:GEXP:RNA5SP425	19:36066540:36066739:	cornflowerblue
17:21303089:21303261:	20:25964364:25964657:	gray
17:33478112:33478266:	19:24186026:24186270:GEXP:RNA5-8SP4	cornflowerblue
17:41466841:41467138:	19:39749848:39749941:GEXP:MSRB1P1	cornflowerblue
17:43812327:43812780:	22:38332594:38332813:	gray
18:108502:108705:	19:21780148:21780225:	gray
18:109052:109380:	X:29270682:29270950:	gray
18:109189:109367:	X:29269333:29269521:	gray
18:18511130:18511227:	20:26273734:26273757:	gray
18:18511514:18511632:	X:61813868:61813885:	gray
18:18511541:18511667:	21:14365360:14365410:	gray
18:18511822:18511979:	19:27778992:27779040:	gray
18:18512420:18512670:	X:58558209:58558407:	gray
18:18513153:18513568:	X:61871898:61872026:	gray
18:18517694:18517729:	20:26309735:26309774:	gray
18:18518110:18518175:	X:61845920:61845979:	gray
18:18518115:18518175:	20:26273721:26273757:	gray
18:18519873:18519904:	X:61773543:61773581:	gray
18:18520286:18520583:	21:14348812:14348907:	gray
18:18520287:18520301:	20:26273454:26273757:	gray
18:18520288:18520734:	20:26319443:26319781:	gray
18:18520290:18520663:	X:61848743:61848781:	gray
18:18520290:18520699:	X:61759645:61759682:	gray
18:18520292:18520329:	X:61827448:61827486:	gray
18:18520295:18520332:	20:26302840:26302898:	gray
18:18520298:18520334:	20:26285535:26285572:	gray
18:18520302:18520346:	19:27941394:27941446:	gray
18:18520329:18520396:	21:14365305:14365352:	gray
18:18520332:18520681:	19:27764572:27764610:	gray
18:56843248:56843285:	19:28303532:28303578:	gray
19:19632429:19632654:	22:16347242:16347548:	gray
19:19888428:19888465:	20:15771243:15771281:	gray
19:19889335:19889655:	20:15771173:15771274:	gray
19:27882407:27882477:	X:58561256:58561448:	gray
19:33444265:33444490:	20:26214312:26214476:	gray
19:33444265:33444598:	20:26220632:26220900:	gray
19:58341363:58341402:	X:55185656:55185714:	gray
20:60199:60437:	X:20857987:20858071:	gray
20:11281723:11281994:	X:81651280:81651376:	gray
20:26188782:26188910:GEXP:MIR663A	21:9825514:9825726:GEXP:MIR3687	red
20:26319462:26319529:	X:61773435:61773558:	gray
21:11022690:11023062:	22:45991743:45991828:	gray
21:11133272:11133660:	X:867730:867848:	gray
